SITE,ELEVATION.m,YEAR,SEASON,S.date,t.units,R.replicate,LGR,LLRw,TurnR,PI,SDW,NH4.uM.mean,NO2.uM.mean,NO3.uM.mean,PO4.uM.mean
CN1,0.4,2005,SPRING,11/05/2005,1,1,0.9,0.8,0.03,14.5,0.0301,NA,NA,NA,NA
CN1,0.4,2005,SPRING,11/05/2005,1,2,14.4,2.2,0.028,4.1,0.517,NA,NA,NA,NA
CN1,0.4,2005,SPRING,11/05/2005,1,3,9.5,0.9,0.03,7.3,0.32,NA,NA,NA,NA
CN1,0.4,2005,SPRING,11/05/2005,1,4,11.8,1.9,0.033,NA,0.3614,NA,NA,NA,NA
CN1,0.4,2005,SPRING,11/05/2005,1,5,10.3,2.4,0.032,7.3,0.3256,NA,NA,NA,NA
CN1,0.4,2005,SPRING,11/05/2005,1,6,0.2,0.3,0.014,29,0.0139,NA,NA,NA,NA
CN1,0.4,2005,SPRING,11/05/2005,1,7,13.2,0.7,0.031,7.3,0.4285,NA,NA,NA,NA
CN1,0.4,2005,SPRING,11/05/2005,1,8,1,0.9,0.023,7.3,0.0439,NA,NA,NA,NA
CN1,0.4,2005,SUMMER,03/08/2005,2,1,5,6.4,0.016,14.5,0.305,2.495,0.163,2.5,0.316
CN1,0.4,2005,SUMMER,03/08/2005,2,2,3.2,5.4,0.022,29,0.143,2.495,0.163,2.5,0.316
CN1,0.4,2005,SUMMER,03/08/2005,2,3,1.4,1.5,0.006,NA,0.224,2.495,0.163,2.5,0.316
CN1,0.4,2005,SUMMER,03/08/2005,2,4,6,7.4,0.026,9.7,0.229,2.495,0.163,2.5,0.316
CN1,0.4,2005,SUMMER,03/08/2005,2,5,3.6,2,0.018,14.5,0.205,2.495,0.163,2.5,0.316
CN1,0.4,2005,SUMMER,03/08/2005,2,6,4.2,3.3,0.015,14.5,0.281,2.495,0.163,2.5,0.316
CN1,0.4,2005,SUMMER,03/08/2005,2,7,6.2,4.2,0.016,14.5,0.384,2.495,0.163,2.5,0.316
CN1,0.4,2005,SUMMER,03/08/2005,2,8,2.9,4.4,0.014,29,0.21,2.495,0.163,2.5,0.316
CN1,0.4,2005,FALL,18/11/2005,3,1,0.4,1.2,0.015,34,0.0267,3.197,0.725,2.618,0.446
CN1,0.4,2005,FALL,18/11/2005,3,2,1.6,1.1,0.018,34,0.0883,3.197,0.725,2.618,0.446
CN1,0.4,2005,FALL,18/11/2005,3,3,0.9,1.8,0.015,34,0.0612,3.197,0.725,2.618,0.446
CN1,0.4,2005,FALL,18/11/2005,3,4,1.6,1.1,0.02,34,0.0816,3.197,0.725,2.618,0.446
CN1,0.4,2005,FALL,18/11/2005,3,5,1.2,2,0.014,17,0.0879,3.197,0.725,2.618,0.446
CN1,0.4,2005,FALL,18/11/2005,3,6,3.9,1.9,0.02,17,0.1925,3.197,0.725,2.618,0.446
CN1,0.4,2005,FALL,18/11/2005,3,7,1.9,0.7,0.018,34,0.1071,3.197,0.725,2.618,0.446
CN1,0.4,2005,FALL,18/11/2005,3,8,2.7,1.3,0.018,34,0.1471,3.197,0.725,2.618,0.446
CN1,0.4,2005,FALL,18/11/2005,3,9,1.8,1.4,0.01,34,0.1743,3.197,0.725,2.618,0.446
CN1,0.4,2006,WINTER,14/02/2006,4,1,0.7,0,0.008,30,0.0921,NA,NA,NA,NA
CN1,0.4,2006,WINTER,14/02/2006,4,2,0.7,0.4,0.008,30,0.0924,NA,NA,NA,NA
CN1,0.4,2006,WINTER,14/02/2006,4,3,0.7,NA,0.008,30,0.0859,NA,NA,NA,NA
CN1,0.4,2006,WINTER,14/02/2006,4,4,0.7,0.9,0.015,30,0.0464,NA,NA,NA,NA
CN1,0.4,2006,WINTER,14/02/2006,4,5,0.3,0.1,0.008,30,0.0389,NA,NA,NA,NA
CN1,0.4,2006,WINTER,14/02/2006,4,6,0.4,0.1,0.008,30,0.0472,NA,NA,NA,NA
CN1,0.4,2006,WINTER,14/02/2006,4,7,0.7,1.5,0.015,30,0.0465,NA,NA,NA,NA
CN1,0.4,2006,WINTER,14/02/2006,4,8,2,0.3,0.011,30,0.1785,NA,NA,NA,NA
CN1,0.4,2006,WINTER,14/02/2006,4,9,1,0.5,0.01,30,0.0999,NA,NA,NA,NA
CN1,0.4,2006,SPRING,10/05/2006,5,1,2.6,0.6,0.023,10,0.1123,NA,NA,NA,NA
CN1,0.4,2006,SUMMER,12/07/2006,6,1,5.2,2.2,0.022,7.3,0.2367,6.513,0.174,4.178,0.395
CN1,0.4,2006,SUMMER,12/07/2006,6,2,4.9,2.8,0.018,14.5,0.2653,6.513,0.174,4.178,0.395
CN1,0.4,2006,SUMMER,12/07/2006,6,3,2.9,3.3,0.022,9.7,0.1289,6.513,0.174,4.178,0.395
CN1,0.4,2006,SUMMER,12/07/2006,6,4,3.6,2.6,0.029,9.7,0.1224,6.513,0.174,4.178,0.395
CN1,0.4,2006,FALL,23/10/2006,7,1,1.1,1.4,0.015,26,0.0724,NA,NA,NA,NA
CN1,0.4,2006,FALL,23/10/2006,7,2,0.6,1.1,0.014,26,0.0421,NA,NA,NA,NA
CN1,0.4,2006,FALL,23/10/2006,7,3,1.6,0.9,0.023,13,0.0687,NA,NA,NA,NA
CN1,0.4,2006,FALL,23/10/2006,7,4,0.8,2.2,0.018,13,0.0448,NA,NA,NA,NA
CN1,0.4,2006,FALL,23/10/2006,7,5,0.7,0.9,0.016,26,0.0428,NA,NA,NA,NA
CN1,0.4,2006,FALL,23/10/2006,7,6,0.6,1.9,0.008,NA,0.0797,NA,NA,NA,NA
CN1,0.4,2006,FALL,23/10/2006,7,7,2.7,5.6,0.015,26,0.1859,NA,NA,NA,NA
CN1,0.4,2007,WINTER,04/02/2007,8,1,0.6,1,0.018,28,0.0331,NA,NA,NA,NA
CN1,0.4,2007,WINTER,04/02/2007,8,2,0.7,0.5,0.013,28,0.0559,NA,NA,NA,NA
CN1,0.4,2007,WINTER,04/02/2007,8,3,1.2,NA,0.011,28,0.107,NA,NA,NA,NA
CN1,0.4,2007,WINTER,04/02/2007,8,4,0.3,0.1,0.008,28,0.0376,NA,NA,NA,NA
CN1,0.4,2007,WINTER,04/02/2007,8,5,0.6,0.3,0.008,NA,0.0762,NA,NA,NA,NA
CN1,0.4,2007,SPRING,02/05/2007,9,1,1.9,1.7,0.016,31,0.1193,0.734,0.283,0.516,0.227
CN1,0.4,2007,SUMMER,30/06/2007,10,1,4.2,2.5,0.029,9.3,0.1429,1.719,0.109,0.605,0.248
CN1,0.4,2007,SUMMER,30/06/2007,10,2,8.2,4.3,0.031,9.3,0.266,1.719,0.109,0.605,0.248
CN1,0.4,2007,SUMMER,30/06/2007,10,3,6.4,4,0.03,9.3,0.2151,1.719,0.109,0.605,0.248
CN1,0.4,2007,SUMMER,30/06/2007,10,4,4.4,2,0.03,9.3,0.1475,1.719,0.109,0.605,0.248
CN1,0.4,2007,FALL,14/10/2007,11,1,0.3,2,0.003,34,0.0892,1.081,0.935,3,0.074
CN1,0.4,2007,FALL,14/10/2007,11,2,0.4,2.5,0.003,NA,0.1198,1.081,0.935,3,0.074
CN1,0.4,2008,WINTER,24/01/2008,12,1,1.4,1.8,0.017,30,0.0832,0.166,0.229,0.5,0.026
CN1,0.4,2008,WINTER,24/01/2008,12,2,0.8,2,0.013,30,0.0627,0.166,0.229,0.5,0.026
CN1,0.4,2008,WINTER,24/01/2008,12,3,0.5,1.4,0.012,30,0.0404,0.166,0.229,0.5,0.026
CN1,0.4,2008,WINTER,24/01/2008,12,4,0.6,0.8,0.017,30,0.0345,0.166,0.229,0.5,0.026
CN1,0.4,2008,WINTER,24/01/2008,12,5,0.5,1.1,0.019,30,0.0264,0.166,0.229,0.5,0.026
CN1,0.4,2008,SPRING,29/04/2008,13,1,1.6,0.5,0.024,14,0.0666,1.136,1.022,0.46,0.411
CN1,0.4,2008,SPRING,29/04/2008,13,2,1.8,0.6,0.024,14,0.0762,1.136,1.022,0.46,0.411
CN1,0.4,2008,SPRING,29/04/2008,13,3,1.7,1.1,0.025,14,0.0672,1.136,1.022,0.46,0.411
CN1,0.4,2008,SPRING,29/04/2008,13,4,1.4,0.9,0.029,14,0.0484,1.136,1.022,0.46,0.411
CN1,0.4,2008,SUMMER,16/07/2008,14,1,3.6,2.3,0.027,14,0.1317,0.859,0.468,0.23,0.237
CN1,0.4,2008,FALL,29/10/2008,15,1,1.1,4.3,0.018,30,0.0612,1.525,0.956,6.323,0.026
CN1,0.4,2008,FALL,29/10/2008,15,2,4.8,6.2,0.012,28,0.4029,1.525,0.956,6.323,0.026
CN1,0.4,2008,FALL,29/10/2008,15,3,5.9,8.5,0.011,30,0.5182,1.525,0.956,6.323,0.026
CN1,0.4,2008,FALL,29/10/2008,15,4,1.9,6.4,0.008,28,0.2428,1.525,0.956,6.323,0.026
CN1,0.4,2008,FALL,29/10/2008,15,5,4.6,3.7,0.014,30,0.3342,1.525,0.956,6.323,0.026
CN1,0.4,2008,FALL,29/10/2008,15,6,4.3,7.3,0.01,30,0.4186,1.525,0.956,6.323,0.026
CN1,0.4,2009,WINTER,10/02/2009,16,1,1.1,1.6,0.013,30,0.0836,0.804,1.163,16.162,0.111
CN1,0.4,2009,WINTER,10/02/2009,16,2,1,0.1,0.006,NA,0.1625,0.804,1.163,16.162,0.111
CN1,0.4,2009,WINTER,10/02/2009,16,3,2,1.6,0.016,30,0.1221,0.804,1.163,16.162,0.111
CN1,0.4,2009,WINTER,10/02/2009,16,4,1.4,0.7,0.01,30,0.1387,0.804,1.163,16.162,0.111
CN1,0.4,2009,WINTER,10/02/2009,16,5,0.8,0.4,0.014,30,0.0559,0.804,1.163,16.162,0.111
CN1,0.4,2009,WINTER,10/02/2009,16,6,0.8,1.3,0.012,30,0.0662,0.804,1.163,16.162,0.111
CN1,0.4,2009,SPRING,09/05/2009,17,1,3.3,2,0.025,10.7,0.132,1.663,0.815,0.867,0.026
CN1,0.4,2009,SPRING,09/05/2009,17,2,2.1,0.4,0.02,10.7,0.103,1.663,0.815,0.867,0.026
CN1,0.4,2009,SPRING,09/05/2009,17,3,3.2,0.8,0.019,10.7,0.1691,1.663,0.815,0.867,0.026
CN1,0.4,2009,SPRING,09/05/2009,17,4,6.2,1.5,0.024,10.7,0.2542,1.663,0.815,0.867,0.026
CN1,0.4,2009,SUMMER,08/07/2009,18,1,7.1,4.4,0.022,14,0.3282,0.166,0.109,0.105,0.026
CN1,0.4,2009,SUMMER,08/07/2009,18,2,9.3,3.1,0.021,14,0.4534,0.166,0.109,0.105,0.026
CN1,0.4,2009,SUMMER,08/07/2009,18,3,4.8,2.5,0.032,7,0.1497,0.166,0.109,0.105,0.026
CN1,0.4,2009,SUMMER,08/07/2009,18,4,5.2,1.5,0.023,9.3,0.2279,0.166,0.109,0.105,0.026
CN1,0.4,2009,SUMMER,08/07/2009,18,5,2.9,3.6,0.03,14,0.0951,0.166,0.109,0.105,0.026
CN1,0.4,2009,SUMMER,08/07/2009,18,6,6.8,3.3,0.03,7,0.223,0.166,0.109,0.105,0.026
CN1,0.4,2009,SUMMER,08/07/2009,18,7,4.8,3.6,0.024,14,0.2031,0.166,0.109,0.105,0.026
CN1,0.4,2009,FALL,11/11/2009,19,1,0.3,1.3,0.014,30,0.0207,0.166,0.167,1.637,0.059
CN1,0.4,2009,FALL,11/11/2009,19,2,1.1,2.4,0.016,30,0.0674,0.166,0.167,1.637,0.059
CN1,0.4,2009,FALL,11/11/2009,19,3,0.7,2.9,0.013,30,0.0555,0.166,0.167,1.637,0.059
CN1,0.4,2009,FALL,11/11/2009,19,4,0.6,3.1,0.015,30,0.0388,0.166,0.167,1.637,0.059
CN1,0.4,2010,SPRING,30/04/2010,20,1,4,1.7,0.025,14.5,0.1573,NA,NA,NA,NA
CN1,0.4,2010,SPRING,30/04/2010,20,2,4.6,0.3,0.023,14.5,0.2007,NA,NA,NA,NA
CN1,0.4,2010,FALL,24/10/2010,21,1,0.6,1.2,0.017,31,0.0352,1.064,0.315,1.476,0.026
CN1,0.4,2010,FALL,24/10/2010,21,2,0.4,1,0.014,15.5,0.0281,1.064,0.315,1.476,0.026
CN1,0.4,2011,WINTER,04/02/2011,22,1,0.7,1.3,0.01,NA,0.0731,0.166,0.525,11.694,0.026
CN1,0.4,2011,SUMMER,01/07/2011,23,1,1.6,0.4,0.021,14.5,0.0768,0.166,0.109,1.653,0.026
CN1,0.4,2011,SUMMER,01/07/2011,23,2,3.4,2.3,0.029,7.3,0.1167,0.166,0.109,1.653,0.026
CN1,0.4,2011,FALL,14/10/2011,24,1,0.5,1.6,0.019,28,0.0268,0.707,0.253,2.653,0.085
CN1,0.4,2011,FALL,14/10/2011,24,2,0.6,1.2,0.018,28,0.0336,0.707,0.253,2.653,0.085
CN1,0.4,2011,FALL,14/10/2011,24,3,1.4,3.1,0.015,14,0.0909,0.707,0.253,2.653,0.085
CN1,0.4,2011,FALL,14/10/2011,24,4,0.9,1.2,0.017,14,0.0516,0.707,0.253,2.653,0.085
CN1,0.4,2011,FALL,14/10/2011,24,5,0.4,0.9,0.016,28,0.0254,0.707,0.253,2.653,0.085
CN1,0.4,2012,WINTER,07/02/2012,25,1,NA,0.3,NA,NA,0.0144,0.166,0.109,0.105,0.026
CN1,0.4,2012,WINTER,07/02/2012,25,2,0.2,0.3,0.009,30,0.0215,0.166,0.109,0.105,0.026
CN1,0.4,2012,WINTER,07/02/2012,25,3,0.4,0.6,0.014,30,0.0281,0.166,0.109,0.105,0.026
CN1,0.4,2012,WINTER,07/02/2012,25,4,0.3,1.1,0.011,30,0.0273,0.166,0.109,0.105,0.026
CN1,0.4,2012,WINTER,07/02/2012,25,5,0.2,0,0.004,30,0.045,0.166,0.109,0.105,0.026
CN1,0.4,2012,WINTER,07/02/2012,25,6,0.2,0.1,0.009,30,0.0235,0.166,0.109,0.105,0.026
CN1,0.4,2012,WINTER,07/02/2012,25,7,0.3,0.7,0.013,30,0.0234,0.166,0.109,0.105,0.026
CN1,0.4,2012,WINTER,07/02/2012,25,8,0.4,0.1,0.008,30,0.0485,0.166,0.109,0.105,0.026
CN1,0.4,2012,WINTER,07/02/2012,25,9,0.3,0.1,0.01,30,0.0297,0.166,0.109,0.105,0.026
CN1,0.4,2012,WINTER,07/02/2012,25,10,0.2,0.4,0.014,30,0.0145,0.166,0.109,0.105,0.026
CN1,0.4,2012,WINTER,07/02/2012,25,11,0.1,0.2,0.005,30,0.0185,0.166,0.109,0.105,0.026
CN1,0.4,2012,WINTER,07/02/2012,25,12,0.4,NA,0.004,30,0.0939,0.166,0.109,0.105,0.026
CN1,0.4,2012,WINTER,07/02/2012,25,13,0.3,0.5,0.017,30,0.0172,0.166,0.109,0.105,0.026
CN1,0.4,2012,WINTER,07/02/2012,25,14,0.2,0,0.007,30,0.0297,0.166,0.109,0.105,0.026
CN1,0.4,2012,WINTER,07/02/2012,25,15,0.3,0.2,0.01,30,0.0299,0.166,0.109,0.105,0.026
CN1,0.4,2012,SPRING,22/05/2012,26,1,1.9,0.3,0.03,9.7,0.0633,0.166,0.109,1.944,0.026
CN1,0.4,2012,SPRING,22/05/2012,26,2,1.5,0.8,0.03,7.3,0.0506,0.166,0.109,1.944,0.026
CN1,0.4,2012,SPRING,22/05/2012,26,3,2.4,0.9,0.027,9.7,0.0882,0.166,0.109,1.944,0.026
CN1,0.4,2012,SPRING,22/05/2012,26,4,2.1,0.8,0.024,14.5,0.0879,0.166,0.109,1.944,0.026
CN1,0.4,2012,SPRING,22/05/2012,26,5,2.3,0.5,0.026,9.7,0.0875,0.166,0.109,1.944,0.026
CN1,0.4,2012,SPRING,22/05/2012,26,6,2.5,2.2,0.027,9.7,0.0918,0.166,0.109,1.944,0.026
CN1,0.4,2012,SPRING,22/05/2012,26,7,0.5,0.5,0.025,9.7,0.0204,0.166,0.109,1.944,0.026
CN1,0.4,2012,SUMMER,19/07/2012,27,1,2.7,2,0.037,5.5,0.0726,1.336,0.109,2.419,0.026
CN1,0.4,2012,SUMMER,19/07/2012,27,2,4.3,4.8,0.027,7.3,0.1564,1.336,0.109,2.419,0.026
CN1,0.4,2012,SUMMER,19/07/2012,27,3,5.3,1.2,0.023,11,0.2348,1.336,0.109,2.419,0.026
CN1,0.4,2012,SUMMER,19/07/2012,27,4,1.1,1.4,0.008,29,0.1453,1.336,0.109,2.419,0.026
CN1,0.4,2012,SUMMER,19/07/2012,27,5,2.2,1.8,0.016,14.5,0.1419,1.336,0.109,2.419,0.026
CN1,0.4,2012,SUMMER,19/07/2012,27,6,2.4,1.7,0.031,11,0.0773,1.336,0.109,2.419,0.026
CN1,0.4,2012,SUMMER,19/07/2012,27,7,2.7,2.8,0.032,11,0.0855,1.336,0.109,2.419,0.026
CN1,0.4,2012,SUMMER,19/07/2012,27,8,4.2,NA,0.028,11,0.1522,1.336,0.109,2.419,0.026
CN1,0.4,2012,SUMMER,19/07/2012,27,9,11,5.3,0.052,5.5,0.2118,1.336,0.109,2.419,0.026
CN1,0.4,2012,SUMMER,19/07/2012,27,10,7.9,3.9,0.033,5.5,0.2396,1.336,0.109,2.419,0.026
CN1,0.4,2012,FALL,01/11/2012,28,1,1.3,6.6,0.012,29,0.1065,0.873,0.444,8.202,0.06
CN1,0.4,2012,FALL,01/11/2012,28,2,0.6,3.3,0.008,29,0.0767,0.873,0.444,8.202,0.06
CN1,0.4,2012,FALL,01/11/2012,28,3,0.8,5.1,0.011,29,0.0724,0.873,0.444,8.202,0.06
CN1,0.4,2012,FALL,01/11/2012,28,4,1.5,5.8,0.014,29,0.1035,0.873,0.444,8.202,0.06
CN1,0.4,2012,FALL,01/11/2012,28,5,0.8,6.6,0.008,NA,0.1056,0.873,0.444,8.202,0.06
CN1,0.4,2012,FALL,01/11/2012,28,6,1.1,5.5,0.008,NA,0.1326,0.873,0.444,8.202,0.06
CN1,0.4,2012,FALL,01/11/2012,28,7,1.3,6.7,0.013,NA,0.1006,0.873,0.444,8.202,0.06
CN1,0.4,2012,FALL,01/11/2012,28,8,0.5,4.5,0.007,NA,0.0676,0.873,0.444,8.202,0.06
CN1,0.4,2012,FALL,01/11/2012,28,9,1.5,5.7,0.017,29,0.0862,0.873,0.444,8.202,0.06
CN1,0.4,2012,FALL,01/11/2012,28,10,1.1,2.8,0.011,29,0.1,0.873,0.444,8.202,0.06
CN1,0.4,2012,FALL,01/11/2012,28,11,0.5,2.7,0.01,29,0.049,0.873,0.444,8.202,0.06
CN1,0.4,2013,WINTER,12/02/2013,29,1,0.5,2.1,0.007,27,0.0706,0.932,0.188,3.968,0.026
CN1,0.4,2013,WINTER,12/02/2013,29,2,0.5,0.7,0.015,27,0.0324,0.932,0.188,3.968,0.026
CN1,0.4,2013,WINTER,12/02/2013,29,3,0.4,0.5,0.013,27,0.0305,0.932,0.188,3.968,0.026
CN1,0.4,2013,WINTER,12/02/2013,29,4,0.4,0.9,0.011,27,0.036,0.932,0.188,3.968,0.026
CN1,0.4,2013,WINTER,12/02/2013,29,5,0.8,1.9,0.015,27,0.0547,0.932,0.188,3.968,0.026
CN1,0.4,2013,SPRING,11/05/2013,30,1,2.9,2,0.025,10.7,0.1156,0.431,0.288,11.558,0.033
CN1,0.4,2013,SPRING,11/05/2013,30,2,1,1,0.026,16,0.0386,0.431,0.288,11.558,0.033
CN1,0.4,2013,SPRING,11/05/2013,30,3,0.6,1.2,0.015,16,0.0408,0.431,0.288,11.558,0.033
CN1,0.4,2013,SPRING,11/05/2013,30,4,0.4,0.2,0.008,NA,0.0491,0.431,0.288,11.558,0.033
CN1,0.4,2013,FALL,12/11/2013,31,1,0.8,3.1,0.01,43,0.0775,1.635,0.109,0.279,0.026
CN1,0.4,2014,SPRING,13/05/2014,32,1,4,0.7,0.029,6,0.1387,0.166,0.251,0.105,0.026
CN1,0.4,2014,SPRING,13/05/2014,32,2,3.3,2,0.028,10,0.1197,0.166,0.251,0.105,0.026
CN1,0.4,2014,FALL,23/10/2014,33,1,0.4,1,0.019,29,0.0216,4.573,0.569,3.919,0.026
CN1,0.4,2014,FALL,23/10/2014,33,2,0.6,1.8,0.017,29,0.0347,4.573,0.569,3.919,0.026
CN1,0.4,2014,FALL,23/10/2014,33,3,0.9,2,0.019,29,0.0484,4.573,0.569,3.919,0.026
CN1,0.4,2014,FALL,23/10/2014,33,4,0.7,1.6,0.024,14.5,0.0294,4.573,0.569,3.919,0.026
CN1,0.4,2014,FALL,23/10/2014,33,5,NA,0.3,NA,29,0.0091,4.573,0.569,3.919,0.026
CN1,0.4,2014,FALL,23/10/2014,33,6,0.9,1.7,0.023,29,0.04,4.573,0.569,3.919,0.026
CN1,0.4,2014,FALL,23/10/2014,33,7,1.7,2.5,0.017,14.5,0.0999,4.573,0.569,3.919,0.026
CN1,0.4,2015,FALL,11/11/2015,34,1,0.3,3.7,0.003,NA,0.1044,5.516,0.635,2.065,0.026
CN2,-0.08,2005,SPRING,11/05/2005,1,1,21.5,3.8,0.029,6,0.731,NA,NA,NA,NA
CN2,-0.08,2005,SPRING,11/05/2005,1,2,9.1,2.1,0.02,6,0.4575,NA,NA,NA,NA
CN2,-0.08,2005,SPRING,11/05/2005,1,3,7.5,1.8,0.023,10,0.3254,NA,NA,NA,NA
CN2,-0.08,2005,SPRING,11/05/2005,1,4,14.3,4.4,0.025,10,0.5778,NA,NA,NA,NA
CN2,-0.08,2005,SPRING,11/05/2005,1,5,5.3,6,0.028,15,0.1927,NA,NA,NA,NA
CN2,-0.08,2005,SUMMER,03/08/2005,2,1,3.7,4.6,0.021,15,0.175,2.495,0.163,2.5,0.316
CN2,-0.08,2005,SUMMER,03/08/2005,2,2,6.4,7.6,0.023,15,0.274,2.495,0.163,2.5,0.316
CN2,-0.08,2005,SUMMER,03/08/2005,2,3,5.1,4.5,0.017,30,0.3,2.495,0.163,2.5,0.316
CN2,-0.08,2005,SUMMER,03/08/2005,2,4,3.6,4.1,0.023,10,0.157,2.495,0.163,2.5,0.316
CN2,-0.08,2005,SUMMER,03/08/2005,2,5,6.1,5.8,0.016,15,0.389,2.495,0.163,2.5,0.316
CN2,-0.08,2005,SUMMER,03/08/2005,2,6,2.6,4.3,0.024,15,0.108,2.495,0.163,2.5,0.316
CN2,-0.08,2005,SUMMER,03/08/2005,2,7,15.7,6.7,0.025,15,0.624,2.495,0.163,2.5,0.316
CN2,-0.08,2006,WINTER,14/02/2006,3,1,2.1,5.6,0.017,28,0.1202,NA,NA,NA,NA
CN2,-0.08,2006,WINTER,14/02/2006,3,2,0.9,3.5,0.01,28,0.0909,NA,NA,NA,NA
CN2,-0.08,2006,WINTER,14/02/2006,3,3,0.4,1.2,0.005,28,0.0838,NA,NA,NA,NA
CN2,-0.08,2006,WINTER,14/02/2006,3,4,1.4,11.1,0.009,28,0.1627,NA,NA,NA,NA
CN2,-0.08,2006,WINTER,14/02/2006,3,5,1.7,7.3,0.015,28,0.1101,NA,NA,NA,NA
CN2,-0.08,2006,SPRING,10/05/2006,4,1,5,3.1,0.023,14.5,0.2129,NA,NA,NA,NA
CN2,-0.08,2006,SPRING,10/05/2006,4,2,5.1,1.3,0.025,9.7,0.2078,NA,NA,NA,NA
CN2,-0.08,2006,SPRING,10/05/2006,4,3,5.9,4.7,0.023,14.5,0.2617,NA,NA,NA,NA
CN2,-0.08,2006,SPRING,10/05/2006,4,4,9.4,6.7,0.027,9.7,0.3428,NA,NA,NA,NA
CN2,-0.08,2006,SPRING,10/05/2006,4,5,5.1,5.9,0.024,14.5,0.2132,NA,NA,NA,NA
CN2,-0.08,2006,SPRING,10/05/2006,4,6,6,2.8,0.024,14.5,0.2544,NA,NA,NA,NA
CN2,-0.08,2006,SUMMER,12/07/2006,5,1,9.8,6.7,0.02,15,0.4966,6.513,0.174,4.178,0.395
CN2,-0.08,2006,SUMMER,12/07/2006,5,2,6.2,8,0.015,15,0.4178,6.513,0.174,4.178,0.395
CN2,-0.08,2006,SUMMER,12/07/2006,5,3,7.4,7.7,0.022,30,0.3332,6.513,0.174,4.178,0.395
CN2,-0.08,2006,SUMMER,12/07/2006,5,4,3.1,0.8,0.021,15,0.1455,6.513,0.174,4.178,0.395
CN2,-0.08,2006,SUMMER,12/07/2006,5,5,9.7,4.6,0.02,15,0.4938,6.513,0.174,4.178,0.395
CN2,-0.08,2006,SUMMER,12/07/2006,5,6,12.4,9.7,0.014,10,0.8602,6.513,0.174,4.178,0.395
CN2,-0.08,2006,SUMMER,12/07/2006,5,7,5.7,1.4,0.021,15,0.2674,6.513,0.174,4.178,0.395
CN2,-0.08,2006,SUMMER,12/07/2006,5,8,8.4,5.7,0.021,15,0.4023,6.513,0.174,4.178,0.395
CN2,-0.08,2006,FALL,23/10/2006,6,1,2.1,4.6,0.009,28,0.2437,NA,NA,NA,NA
CN2,-0.08,2006,FALL,23/10/2006,6,2,6.8,13.7,0.011,28,0.62,NA,NA,NA,NA
CN2,-0.08,2006,FALL,23/10/2006,6,3,4.4,12.9,0.011,28,0.3985,NA,NA,NA,NA
CN2,-0.08,2006,FALL,23/10/2006,6,4,2.4,5.4,0.012,27,0.2067,NA,NA,NA,NA
CN2,-0.08,2006,FALL,23/10/2006,6,5,2.7,8,0.01,28,0.2692,NA,NA,NA,NA
CN2,-0.08,2006,FALL,23/10/2006,6,6,3.4,7.8,0.015,27,0.2287,NA,NA,NA,NA
CN2,-0.08,2006,FALL,23/10/2006,6,7,4,6,0.013,NA,0.3001,NA,NA,NA,NA
CN2,-0.08,2007,WINTER,04/02/2007,7,1,3.2,NA,0.01,32,0.3231,NA,NA,NA,NA
CN2,-0.08,2007,WINTER,04/02/2007,7,2,2.5,0,0.01,32,0.2596,NA,NA,NA,NA
CN2,-0.08,2007,WINTER,04/02/2007,7,3,3.8,1.5,0.011,16,0.3445,NA,NA,NA,NA
CN2,-0.08,2007,WINTER,04/02/2007,7,4,0.2,2.4,0.002,NA,0.0924,NA,NA,NA,NA
CN2,-0.08,2007,WINTER,04/02/2007,7,5,1,2,0.005,32,0.2002,NA,NA,NA,NA
CN2,-0.08,2007,WINTER,04/02/2007,7,6,4.5,2.3,0.012,16,0.37,NA,NA,NA,NA
CN2,-0.08,2007,WINTER,04/02/2007,7,7,2.4,4,0.016,32,0.1543,NA,NA,NA,NA
CN2,-0.08,2007,SPRING,02/05/2007,8,1,6,5.1,0.016,14,0.3667,0.734,0.283,0.516,0.227
CN2,-0.08,2007,SPRING,02/05/2007,8,2,6.6,5.7,0.019,14,0.3415,0.734,0.283,0.516,0.227
CN2,-0.08,2007,SPRING,02/05/2007,8,3,7.6,1.1,0.016,14,0.4677,0.734,0.283,0.516,0.227
CN2,-0.08,2007,SPRING,02/05/2007,8,4,6.7,3.3,0.016,14,0.4122,0.734,0.283,0.516,0.227
CN2,-0.08,2007,SPRING,02/05/2007,8,5,9.2,2,0.017,9.3,0.5469,0.734,0.283,0.516,0.227
CN2,-0.08,2007,SPRING,02/05/2007,8,6,5,1.7,0.015,14,0.3285,0.734,0.283,0.516,0.227
CN2,-0.08,2007,SPRING,02/05/2007,8,7,8.4,4.9,0.018,14,0.4615,0.734,0.283,0.516,0.227
CN2,-0.08,2007,SPRING,02/05/2007,8,8,9.4,1.8,0.014,14,0.6525,0.734,0.283,0.516,0.227
CN2,-0.08,2007,SPRING,02/05/2007,8,9,5.3,1.5,0.017,28,0.3181,0.734,0.283,0.516,0.227
CN2,-0.08,2007,SPRING,02/05/2007,8,10,3.4,2.7,0.011,14,0.3112,0.734,0.283,0.516,0.227
CN2,-0.08,2007,SUMMER,30/06/2007,9,1,7.5,6,0.023,10.3,0.3257,1.719,0.109,0.605,0.248
CN2,-0.08,2007,SUMMER,30/06/2007,9,2,9.8,8.5,0.019,15.5,0.5188,1.719,0.109,0.605,0.248
CN2,-0.08,2007,SUMMER,30/06/2007,9,3,11,7.2,0.021,10.3,0.5171,1.719,0.109,0.605,0.248
CN2,-0.08,2007,SUMMER,30/06/2007,9,4,12.4,10.1,0.027,15.5,0.4525,1.719,0.109,0.605,0.248
CN2,-0.08,2007,SUMMER,30/06/2007,9,5,9,5.6,0.026,10.3,0.3506,1.719,0.109,0.605,0.248
CN2,-0.08,2007,SUMMER,30/06/2007,9,6,13.8,9.6,0.022,10.3,0.6165,1.719,0.109,0.605,0.248
CN2,-0.08,2007,FALL,14/10/2007,10,1,7.1,7.4,0.019,30,0.379,1.081,0.935,3,0.074
CN2,-0.08,2007,FALL,14/10/2007,10,2,9.2,13.6,0.015,15,0.6195,1.081,0.935,3,0.074
CN2,-0.08,2007,FALL,14/10/2007,10,3,5.6,12.9,0.012,30,0.451,1.081,0.935,3,0.074
CN2,-0.08,2007,FALL,14/10/2007,10,4,1.1,3,0.006,30,0.1763,1.081,0.935,3,0.074
CN2,-0.08,2007,FALL,14/10/2007,10,5,4.2,7.3,0.019,30,0.2252,1.081,0.935,3,0.074
CN2,-0.08,2008,WINTER,24/01/2008,11,1,2.4,4.3,0.016,29,0.1516,0.166,0.229,0.5,0.026
CN2,-0.08,2008,WINTER,24/01/2008,11,2,2,0.1,0.011,29,0.1868,0.166,0.229,0.5,0.026
CN2,-0.08,2008,WINTER,24/01/2008,11,3,1.6,1.7,0.015,29,0.1059,0.166,0.229,0.5,0.026
CN2,-0.08,2008,WINTER,24/01/2008,11,4,4.5,2.7,0.012,29,0.3668,0.166,0.229,0.5,0.026
CN2,-0.08,2008,WINTER,24/01/2008,11,5,2.1,1.6,0.012,29,0.1723,0.166,0.229,0.5,0.026
CN2,-0.08,2008,WINTER,24/01/2008,11,6,2.1,3.5,0.015,29,0.1389,0.166,0.229,0.5,0.026
CN2,-0.08,2008,WINTER,24/01/2008,11,7,2.2,0.1,0.01,29,0.2182,0.166,0.229,0.5,0.026
CN2,-0.08,2008,WINTER,24/01/2008,11,8,1,NA,0.006,NA,0.1812,0.166,0.229,0.5,0.026
CN2,-0.08,2008,WINTER,24/01/2008,11,9,1.9,0.6,0.008,NA,0.2385,0.166,0.229,0.5,0.026
CN2,-0.08,2008,SPRING,29/04/2008,12,1,9.8,1.6,0.02,14,0.497,1.136,1.022,0.46,0.411
CN2,-0.08,2008,SPRING,29/04/2008,12,2,1.4,1.2,0.013,28,0.1078,1.136,1.022,0.46,0.411
CN2,-0.08,2008,SPRING,29/04/2008,12,3,3,2.2,0.018,28,0.1702,1.136,1.022,0.46,0.411
CN2,-0.08,2008,SPRING,29/04/2008,12,4,5.8,1.2,0.022,14,0.2669,1.136,1.022,0.46,0.411
CN2,-0.08,2008,SPRING,29/04/2008,12,5,4.6,5,0.021,28,0.219,1.136,1.022,0.46,0.411
CN2,-0.08,2008,SPRING,29/04/2008,12,6,5.8,3.1,0.019,28,0.3105,1.136,1.022,0.46,0.411
CN2,-0.08,2008,SPRING,29/04/2008,12,7,3.5,2.2,0.019,28,0.1866,1.136,1.022,0.46,0.411
CN2,-0.08,2008,SPRING,29/04/2008,12,8,3.5,2.2,0.011,28,0.3127,1.136,1.022,0.46,0.411
CN2,-0.08,2008,SPRING,29/04/2008,12,9,3.6,1.2,0.019,28,0.1928,1.136,1.022,0.46,0.411
CN2,-0.08,2008,SUMMER,16/07/2008,13,1,6.2,3.7,0.02,13.5,0.3128,0.859,0.468,0.23,0.237
CN2,-0.08,2008,SUMMER,16/07/2008,13,2,7.6,6.5,0.022,13.5,0.3528,0.859,0.468,0.23,0.237
CN2,-0.08,2008,SUMMER,16/07/2008,13,3,6.7,8.4,0.024,13.5,0.2803,0.859,0.468,0.23,0.237
CN2,-0.08,2008,SUMMER,16/07/2008,13,4,6,7.8,0.023,13.5,0.2614,0.859,0.468,0.23,0.237
CN2,-0.08,2008,SUMMER,16/07/2008,13,5,6.5,6.7,0.027,13.5,0.244,0.859,0.468,0.23,0.237
CN2,-0.08,2008,SUMMER,16/07/2008,13,6,9.6,8.7,0.022,13.5,0.4356,0.859,0.468,0.23,0.237
CN2,-0.08,2008,FALL,29/10/2008,14,1,3,7.5,0.006,NA,0.5083,1.525,0.956,6.323,0.026
CN2,-0.08,2008,FALL,29/10/2008,14,2,3.3,7.2,0.008,28,0.3978,1.525,0.956,6.323,0.026
CN2,-0.08,2008,FALL,29/10/2008,14,3,2.2,7.4,0.006,28,0.3798,1.525,0.956,6.323,0.026
CN2,-0.08,2008,FALL,29/10/2008,14,4,2.7,2.5,0.018,28,0.154,1.525,0.956,6.323,0.026
CN2,-0.08,2009,WINTER,10/02/2009,15,1,1.1,0.5,0.008,NA,0.1354,0.804,1.163,16.162,0.111
CN2,-0.08,2009,WINTER,10/02/2009,15,2,0.8,1.9,0.008,NA,0.0983,0.804,1.163,16.162,0.111
CN2,-0.08,2009,WINTER,10/02/2009,15,3,2.8,1.9,0.014,29,0.1938,0.804,1.163,16.162,0.111
CN2,-0.08,2009,WINTER,10/02/2009,15,4,2.5,4,0.014,29,0.1776,0.804,1.163,16.162,0.111
CN2,-0.08,2009,WINTER,10/02/2009,15,5,1.1,0.4,0.009,29,0.1193,0.804,1.163,16.162,0.111
CN2,-0.08,2009,SPRING,09/05/2009,16,1,3.3,2.7,0.017,14,0.1994,1.663,0.815,0.867,0.026
CN2,-0.08,2009,SPRING,09/05/2009,16,2,7.1,6.4,0.019,14,0.3691,1.663,0.815,0.867,0.026
CN2,-0.08,2009,SPRING,09/05/2009,16,3,7,2.7,0.017,14,0.4053,1.663,0.815,0.867,0.026
CN2,-0.08,2009,SPRING,09/05/2009,16,4,3.2,1.7,0.02,14,0.1607,1.663,0.815,0.867,0.026
CN2,-0.08,2009,SPRING,09/05/2009,16,5,3.2,2.8,0.02,28,0.1577,1.663,0.815,0.867,0.026
CN2,-0.08,2009,SPRING,09/05/2009,16,6,3.6,1.8,0.02,14,0.1784,1.663,0.815,0.867,0.026
CN2,-0.08,2009,SUMMER,08/07/2009,17,1,10.5,13.2,0.022,13,0.4694,0.166,0.109,0.105,0.026
CN2,-0.08,2009,SUMMER,08/07/2009,17,2,9.6,10.6,0.022,13,0.4425,0.166,0.109,0.105,0.026
CN2,-0.08,2009,SUMMER,08/07/2009,17,3,5.5,10.5,0.022,26,0.2448,0.166,0.109,0.105,0.026
CN2,-0.08,2009,SUMMER,08/07/2009,17,4,10.8,11.7,0.022,13,0.4885,0.166,0.109,0.105,0.026
CN2,-0.08,2009,SUMMER,08/07/2009,17,5,10.4,9.3,0.02,13,0.5135,0.166,0.109,0.105,0.026
CN2,-0.08,2009,SUMMER,08/07/2009,17,6,11.7,15.1,0.029,13,0.4028,0.166,0.109,0.105,0.026
CN2,-0.08,2009,FALL,11/11/2009,18,1,3.6,7,0.011,28,0.3423,0.166,0.167,1.637,0.059
CN2,-0.08,2009,FALL,11/11/2009,18,2,3.5,5.1,0.014,28,0.2557,0.166,0.167,1.637,0.059
CN2,-0.08,2009,FALL,11/11/2009,18,3,2.3,4.6,0.016,28,0.1408,0.166,0.167,1.637,0.059
CN2,-0.08,2009,FALL,11/11/2009,18,4,3,4.7,0.01,28,0.3006,0.166,0.167,1.637,0.059
CN2,-0.08,2009,FALL,11/11/2009,18,5,1.7,2.8,0.011,28,0.15,0.166,0.167,1.637,0.059
CN2,-0.08,2009,FALL,11/11/2009,18,6,4,4,0.013,28,0.3012,0.166,0.167,1.637,0.059
CN2,-0.08,2009,FALL,11/11/2009,18,7,2,4.4,0.013,28,0.1554,0.166,0.167,1.637,0.059
CN2,-0.08,2009,FALL,11/11/2009,18,8,4.9,8,0.011,28,0.4481,0.166,0.167,1.637,0.059
CN2,-0.08,2010,WINTER,10/02/2010,19,1,0.8,0.2,0.008,28,0.1003,5.737,1.435,24.597,0.026
CN2,-0.08,2010,WINTER,10/02/2010,19,2,1.2,2.3,0.014,28,0.0886,5.737,1.435,24.597,0.026
CN2,-0.08,2010,WINTER,10/02/2010,19,3,0.7,0.9,0.013,28,0.052,5.737,1.435,24.597,0.026
CN2,-0.08,2010,WINTER,10/02/2010,19,4,1.7,5.5,0.019,28,0.0914,5.737,1.435,24.597,0.026
CN2,-0.08,2010,WINTER,10/02/2010,19,5,2.3,2.7,0.018,28,0.1309,5.737,1.435,24.597,0.026
CN2,-0.08,2010,WINTER,10/02/2010,19,6,2.6,0.9,0.013,14,0.1987,5.737,1.435,24.597,0.026
CN2,-0.08,2010,WINTER,10/02/2010,19,7,1.1,2.3,0.012,28,0.0949,5.737,1.435,24.597,0.026
CN2,-0.08,2010,SPRING,30/04/2010,20,1,14,5.2,0.025,9.7,0.5527,NA,NA,NA,NA
CN2,-0.08,2010,SPRING,30/04/2010,20,2,0.6,2.3,0.004,NA,0.1334,NA,NA,NA,NA
CN2,-0.08,2010,SPRING,30/04/2010,20,3,24.4,13.7,0.025,9.7,0.9705,NA,NA,NA,NA
CN2,-0.08,2010,SPRING,30/04/2010,20,4,8.8,6.4,0.028,9.7,0.3121,NA,NA,NA,NA
CN2,-0.08,2010,SPRING,30/04/2010,20,5,8,3.1,0.025,9.7,0.3218,NA,NA,NA,NA
CN2,-0.08,2010,SPRING,30/04/2010,20,6,7.6,NA,0.028,7.3,0.2698,NA,NA,NA,NA
CN2,-0.08,2010,FALL,24/10/2010,21,1,3.7,7.4,0.015,31,0.2513,1.064,0.315,1.476,0.026
CN2,-0.08,2011,WINTER,04/02/2011,22,1,2.1,1.1,0.01,28,0.2102,0.166,0.525,11.694,0.026
CN2,-0.08,2011,WINTER,04/02/2011,22,2,2.6,0.3,0.008,28,0.3261,0.166,0.525,11.694,0.026
CN2,-0.08,2011,SUMMER,01/07/2011,23,1,5.5,4.2,0.021,9.7,0.2567,0.166,0.109,1.653,0.026
CN2,-0.08,2011,SUMMER,01/07/2011,23,2,2.6,3.1,0.014,29,0.1851,0.166,0.109,1.653,0.026
CN2,-0.08,2011,SUMMER,01/07/2011,23,3,4.8,5.4,0.03,9.7,0.16,0.166,0.109,1.653,0.026
CN2,-0.08,2011,SUMMER,01/07/2011,23,4,3.5,5.8,0.026,14.5,0.1367,0.166,0.109,1.653,0.026
CN2,-0.08,2011,SUMMER,01/07/2011,23,5,1.9,3.2,0.027,9.7,0.0696,0.166,0.109,1.653,0.026
CN2,-0.08,2011,SUMMER,01/07/2011,23,6,3.9,6.3,0.018,14.5,0.2154,0.166,0.109,1.653,0.026
CN2,-0.08,2012,WINTER,07/02/2012,24,1,0.4,NA,0.006,30,0.0701,0.166,0.109,0.105,0.026
CN2,-0.08,2012,WINTER,07/02/2012,24,2,1,1.4,0.012,10,0.0806,0.166,0.109,0.105,0.026
CN2,-0.08,2012,SPRING,22/05/2012,25,1,2.4,0.5,0.021,14.5,0.1164,0.166,0.109,1.944,0.026
CN2,-0.08,2012,SPRING,22/05/2012,25,2,1.2,0.8,0.027,14.5,0.0452,0.166,0.109,1.944,0.026
CN2,-0.08,2012,SPRING,22/05/2012,25,3,1.3,1.4,0.03,7.3,0.044,0.166,0.109,1.944,0.026
CN2,-0.08,2012,SUMMER,19/07/2012,26,1,7.5,4.2,0.018,14.5,0.4191,1.336,0.109,2.419,0.026
CN2,-0.08,2012,SUMMER,19/07/2012,26,2,5.6,7.9,0.017,14.5,0.327,1.336,0.109,2.419,0.026
CN2,-0.08,2012,SUMMER,19/07/2012,26,3,7.2,6,0.015,9.7,0.48,1.336,0.109,2.419,0.026
CN2,-0.08,2012,SUMMER,19/07/2012,26,4,2.4,11.8,0.009,14.5,0.2657,1.336,0.109,2.419,0.026
CN2,-0.08,2012,SUMMER,19/07/2012,26,5,10.7,8.6,0.022,14.5,0.4863,1.336,0.109,2.419,0.026
CN2,-0.08,2012,SUMMER,19/07/2012,26,6,9.2,6.7,0.025,9.7,0.3755,1.336,0.109,2.419,0.026
CN2,-0.08,2012,SUMMER,19/07/2012,26,7,6.7,5,0.017,14.5,0.3889,1.336,0.109,2.419,0.026
CN2,-0.08,2012,SUMMER,19/07/2012,26,8,6.8,4.2,0.017,14.5,0.401,1.336,0.109,2.419,0.026
CN2,-0.08,2012,FALL,01/11/2012,27,1,1.6,8.8,0.005,NA,0.3549,0.873,0.444,8.202,0.06
CN2,-0.08,2012,FALL,01/11/2012,27,2,2.6,4,0.009,29,0.2991,0.873,0.444,8.202,0.06
CN2,-0.08,2012,FALL,01/11/2012,27,3,2.8,10.4,0.008,29,0.3635,0.873,0.444,8.202,0.06
CN2,-0.08,2012,FALL,01/11/2012,27,4,2.5,17,0.007,NA,0.3438,0.873,0.444,8.202,0.06
CN2,-0.08,2012,FALL,01/11/2012,27,5,NA,18.2,NA,NA,0.0893,0.873,0.444,8.202,0.06
CN2,-0.08,2012,FALL,01/11/2012,27,6,1.6,5.4,0.009,29,0.1752,0.873,0.444,8.202,0.06
CN2,-0.08,2012,FALL,01/11/2012,27,7,1.5,13.8,0.009,NA,0.16,0.873,0.444,8.202,0.06
CN2,-0.08,2012,FALL,01/11/2012,27,8,4.7,10.8,0.009,29,0.4992,0.873,0.444,8.202,0.06
CN2,-0.08,2012,FALL,01/11/2012,27,9,0.6,11,0.002,NA,0.2987,0.873,0.444,8.202,0.06
CN2,-0.08,2013,WINTER,12/02/2013,28,1,1.6,NA,0.01,27,0.1559,0.932,0.188,3.968,0.026
CN2,-0.08,2013,WINTER,12/02/2013,28,2,4.5,1.1,0.015,28,0.2977,0.932,0.188,3.968,0.026
CN2,-0.08,2013,WINTER,12/02/2013,28,3,3.6,5.4,0.018,13.5,0.2005,0.932,0.188,3.968,0.026
CN2,-0.08,2013,WINTER,12/02/2013,28,4,1.4,6.9,0.009,NA,0.152,0.932,0.188,3.968,0.026
CN2,-0.08,2013,WINTER,12/02/2013,28,5,2,0.7,0.01,28,0.2084,0.932,0.188,3.968,0.026
CN2,-0.08,2013,WINTER,12/02/2013,28,6,0.5,0.2,0.003,28,0.1912,0.932,0.188,3.968,0.026
CN2,-0.08,2013,SPRING,11/05/2013,29,1,10.3,2.5,0.022,10.7,0.4714,0.431,0.288,11.558,0.033
CN2,-0.08,2013,SPRING,11/05/2013,29,2,3.3,5.9,0.019,16,0.1741,0.431,0.288,11.558,0.033
CN2,-0.08,2013,SPRING,11/05/2013,29,3,2.1,4.6,0.019,32,0.1102,0.431,0.288,11.558,0.033
CN2,-0.08,2013,SPRING,11/05/2013,29,4,14.8,8,0.024,8,0.6071,0.431,0.288,11.558,0.033
CN2,-0.08,2013,SPRING,11/05/2013,29,5,8.3,1.4,0.015,16,0.5658,0.431,0.288,11.558,0.033
CN2,-0.08,2013,SPRING,11/05/2013,29,6,5.7,2.7,0.013,32,0.4553,0.431,0.288,11.558,0.033
CN2,-0.08,2015,WINTER,05/02/2015,30,1,NA,8.1,NA,NA,0.0898,0.993,0.308,3.186,0.107
CN2,-0.08,2015,FALL,11/11/2015,31,1,1.5,7,0.004,30,0.414,5.516,0.635,2.065,0.026
CN3,-0.5,2005,SPRING,11/05/2005,1,1,18.8,4.2,0.027,7.8,0.7052,NA,NA,NA,NA
CN3,-0.5,2005,SPRING,11/05/2005,1,2,2.1,NA,0.016,31,0.1275,NA,NA,NA,NA
CN3,-0.5,2005,SPRING,11/05/2005,1,3,5.7,1.6,0.019,10.3,0.2969,NA,NA,NA,NA
CN3,-0.5,2005,SPRING,11/05/2005,1,4,1.8,4.5,0.011,15.5,0.1665,NA,NA,NA,NA
CN3,-0.5,2005,SUMMER,03/08/2005,2,1,12.7,7.9,0.026,7.8,0.494,2.495,0.163,2.5,0.316
CN3,-0.5,2005,SUMMER,03/08/2005,2,2,5,4.5,0.015,15.5,0.328,2.495,0.163,2.5,0.316
CN3,-0.5,2005,SUMMER,03/08/2005,2,3,10.9,11.4,0.019,15.5,0.571,2.495,0.163,2.5,0.316
CN3,-0.5,2005,SUMMER,03/08/2005,2,4,5.9,1.7,0.028,7.8,0.212,2.495,0.163,2.5,0.316
CN3,-0.5,2005,SUMMER,03/08/2005,2,5,7,4.5,0.021,15.5,0.337,2.495,0.163,2.5,0.316
CN3,-0.5,2005,FALL,18/11/2005,3,1,NA,11.7,NA,NA,0.1991,3.197,0.725,2.618,0.446
CN3,-0.5,2005,FALL,18/11/2005,3,2,3.6,14.7,0.005,32,0.7405,3.197,0.725,2.618,0.446
CN3,-0.5,2006,WINTER,14/02/2006,4,1,1.5,4.6,0.017,14.5,0.086,NA,NA,NA,NA
CN3,-0.5,2006,WINTER,14/02/2006,4,2,0.9,0.6,0.011,29,0.0791,NA,NA,NA,NA
CN3,-0.5,2006,WINTER,14/02/2006,4,3,0.4,0.8,0.008,29,0.0525,NA,NA,NA,NA
CN3,-0.5,2006,WINTER,14/02/2006,4,4,2.9,2.4,0.012,29,0.2426,NA,NA,NA,NA
CN3,-0.5,2006,SPRING,10/05/2006,5,1,11.3,3,0.018,14,0.6223,NA,NA,NA,NA
CN3,-0.5,2006,SPRING,10/05/2006,5,2,9.9,3.1,0.019,14,0.5258,NA,NA,NA,NA
CN3,-0.5,2006,SPRING,10/05/2006,5,3,11,3.6,0.017,14,0.6379,NA,NA,NA,NA
CN3,-0.5,2006,SPRING,10/05/2006,5,4,8.5,2.3,0.018,14,0.4657,NA,NA,NA,NA
CN3,-0.5,2006,SPRING,10/05/2006,5,5,4,8.9,0.02,28,0.1965,NA,NA,NA,NA
CN3,-0.5,2006,SPRING,10/05/2006,5,6,11.6,4,0.018,14,0.6335,NA,NA,NA,NA
CN3,-0.5,2006,SPRING,10/05/2006,5,7,10.2,3.5,0.023,9.3,0.438,NA,NA,NA,NA
CN3,-0.5,2006,SUMMER,12/07/2006,6,1,7,7.5,0.012,15.5,0.6015,6.513,0.174,4.178,0.395
CN3,-0.5,2006,SUMMER,12/07/2006,6,2,10.9,9.7,0.026,10.3,0.4253,6.513,0.174,4.178,0.395
CN3,-0.5,2006,SUMMER,12/07/2006,6,3,19.5,10.3,0.026,7.8,0.7499,6.513,0.174,4.178,0.395
CN3,-0.5,2006,SUMMER,12/07/2006,6,4,9.4,5.4,0.02,10.3,0.4721,6.513,0.174,4.178,0.395
CN3,-0.5,2006,FALL,23/10/2006,7,1,2,4.1,0.011,28,0.1903,NA,NA,NA,NA
CN3,-0.5,2006,FALL,23/10/2006,7,2,4.7,4.9,0.015,28,0.312,NA,NA,NA,NA
CN3,-0.5,2006,FALL,23/10/2006,7,3,0.5,0.7,0.016,28,0.0312,NA,NA,NA,NA
CN3,-0.5,2006,FALL,23/10/2006,7,4,5.4,5.1,0.016,28,0.3344,NA,NA,NA,NA
CN3,-0.5,2006,FALL,23/10/2006,7,5,3.9,7.9,0.014,28,0.2866,NA,NA,NA,NA
CN3,-0.5,2007,WINTER,04/02/2007,8,1,4.5,7.7,0.016,29,0.2773,NA,NA,NA,NA
CN3,-0.5,2007,WINTER,04/02/2007,8,2,2,4.4,0.006,NA,0.3232,NA,NA,NA,NA
CN3,-0.5,2007,WINTER,04/02/2007,8,3,1.2,7,0.008,29,0.1545,NA,NA,NA,NA
CN3,-0.5,2007,WINTER,04/02/2007,8,4,5.8,6.9,0.013,29,0.4442,NA,NA,NA,NA
CN3,-0.5,2007,WINTER,04/02/2007,8,5,2.3,7.6,0.008,29,0.3061,NA,NA,NA,NA
CN3,-0.5,2007,WINTER,04/02/2007,8,6,5.2,2.7,0.016,14.5,0.316,NA,NA,NA,NA
CN3,-0.5,2007,SPRING,02/05/2007,9,1,0.7,2.4,0.005,NA,0.1343,0.734,0.283,0.516,0.227
CN3,-0.5,2007,SPRING,02/05/2007,9,2,0.8,3.7,0.004,30,0.2152,0.734,0.283,0.516,0.227
CN3,-0.5,2007,SPRING,02/05/2007,9,3,4.3,5.1,0.015,30,0.2851,0.734,0.283,0.516,0.227
CN3,-0.5,2007,SPRING,02/05/2007,9,4,1,2.7,0.005,30,0.2128,0.734,0.283,0.516,0.227
CN3,-0.5,2007,SPRING,02/05/2007,9,5,9.8,8.2,0.025,10,0.3988,0.734,0.283,0.516,0.227
CN3,-0.5,2007,SPRING,02/05/2007,9,6,6.9,3.9,0.022,10,0.3193,0.734,0.283,0.516,0.227
CN3,-0.5,2007,SUMMER,30/06/2007,10,1,9.6,8.1,0.025,10.7,0.39,1.719,0.109,0.605,0.248
CN3,-0.5,2007,SUMMER,30/06/2007,10,2,8.2,8.1,0.026,16,0.3128,1.719,0.109,0.605,0.248
CN3,-0.5,2007,SUMMER,30/06/2007,10,3,6.6,3.9,0.018,10.7,0.3696,1.719,0.109,0.605,0.248
CN3,-0.5,2007,SUMMER,30/06/2007,10,4,12.2,NA,0.02,10.7,0.5994,1.719,0.109,0.605,0.248
CN3,-0.5,2007,SUMMER,30/06/2007,10,5,10.7,9.7,0.02,16,0.5405,1.719,0.109,0.605,0.248
CN3,-0.5,2007,FALL,14/10/2007,11,1,6.2,12.2,0.018,16.5,0.3444,1.081,0.935,3,0.074
CN3,-0.5,2007,FALL,14/10/2007,11,2,10.2,8.6,0.014,16.5,0.7136,1.081,0.935,3,0.074
CN3,-0.5,2007,FALL,14/10/2007,11,3,5.4,11.2,0.01,33,0.5382,1.081,0.935,3,0.074
CN3,-0.5,2007,FALL,14/10/2007,11,4,8.3,6.9,0.013,16.5,0.6154,1.081,0.935,3,0.074
CN3,-0.5,2007,FALL,14/10/2007,11,5,6.6,8,0.014,33,0.4858,1.081,0.935,3,0.074
CN3,-0.5,2007,FALL,14/10/2007,11,6,5.5,6.9,0.013,33,0.44,1.081,0.935,3,0.074
CN3,-0.5,2008,WINTER,24/01/2008,12,1,5.9,8.4,0.016,14,0.3652,0.166,0.229,0.5,0.026
CN3,-0.5,2008,WINTER,24/01/2008,12,2,7.6,4.9,0.025,14,0.2983,0.166,0.229,0.5,0.026
CN3,-0.5,2008,WINTER,24/01/2008,12,3,3.7,1.9,0.024,14,0.1532,0.166,0.229,0.5,0.026
CN3,-0.5,2008,WINTER,24/01/2008,12,4,4,3.8,0.017,28,0.2387,0.166,0.229,0.5,0.026
CN3,-0.5,2008,SPRING,29/04/2008,13,1,10.4,0.1,0.017,9.7,0.5946,1.136,1.022,0.46,0.411
CN3,-0.5,2008,SPRING,29/04/2008,13,2,4.2,3,0.014,NA,0.298,1.136,1.022,0.46,0.411
CN3,-0.5,2008,SPRING,29/04/2008,13,3,3.1,4,0.016,29,0.1936,1.136,1.022,0.46,0.411
CN3,-0.5,2008,SPRING,29/04/2008,13,4,9.5,0.2,0.015,14.5,0.6462,1.136,1.022,0.46,0.411
CN3,-0.5,2008,SPRING,29/04/2008,13,5,8.3,2.1,0.021,29,0.3869,1.136,1.022,0.46,0.411
CN3,-0.5,2008,SUMMER,16/07/2008,14,1,7.5,7,0.021,13,0.3547,0.859,0.468,0.23,0.237
CN3,-0.5,2008,SUMMER,16/07/2008,14,2,12,11.8,0.02,13,0.5947,0.859,0.468,0.23,0.237
CN3,-0.5,2008,SUMMER,16/07/2008,14,3,23.2,15.1,0.026,13,0.905,0.859,0.468,0.23,0.237
CN3,-0.5,2008,SUMMER,16/07/2008,14,4,15.4,8.8,0.022,8.7,0.7056,0.859,0.468,0.23,0.237
CN3,-0.5,2008,SUMMER,16/07/2008,14,5,13,8.9,0.023,13,0.5652,0.859,0.468,0.23,0.237
CN3,-0.5,2008,SUMMER,16/07/2008,14,6,12.8,9.1,0.022,8.7,0.5796,0.859,0.468,0.23,0.237
CN3,-0.5,2008,SUMMER,16/07/2008,14,7,13.3,10,0.019,13,0.686,0.859,0.468,0.23,0.237
CN3,-0.5,2008,SUMMER,16/07/2008,14,8,5.9,3.4,0.021,13,0.2766,0.859,0.468,0.23,0.237
CN3,-0.5,2008,FALL,29/10/2008,15,1,5.8,8.6,0.013,29,0.4539,1.525,0.956,6.323,0.026
CN3,-0.5,2008,FALL,29/10/2008,15,2,3.9,11.1,0.01,29,0.3994,1.525,0.956,6.323,0.026
CN3,-0.5,2008,FALL,29/10/2008,15,3,1.9,9.8,0.005,NA,0.4074,1.525,0.956,6.323,0.026
CN3,-0.5,2008,FALL,29/10/2008,15,4,4.8,15.1,0.009,29,0.5205,1.525,0.956,6.323,0.026
CN3,-0.5,2009,WINTER,10/02/2009,16,1,3,3.8,0.021,NA,0.1442,0.804,1.163,16.162,0.111
CN3,-0.5,2009,WINTER,10/02/2009,16,2,1.1,0.4,0.006,NA,0.198,0.804,1.163,16.162,0.111
CN3,-0.5,2009,WINTER,10/02/2009,16,3,1.3,1.4,0.01,28,0.1294,0.804,1.163,16.162,0.111
CN3,-0.5,2009,WINTER,10/02/2009,16,4,1.9,3.1,0.018,28,0.1033,0.804,1.163,16.162,0.111
CN3,-0.5,2009,WINTER,10/02/2009,16,5,2.5,0.6,0.011,28,0.2363,0.804,1.163,16.162,0.111
CN3,-0.5,2009,WINTER,10/02/2009,16,6,0.6,0.4,0.004,28,0.1479,0.804,1.163,16.162,0.111
CN3,-0.5,2009,SPRING,09/05/2009,17,1,1.5,4.7,0.007,31,0.2071,1.663,0.815,0.867,0.026
CN3,-0.5,2009,SPRING,09/05/2009,17,2,4.4,4.5,0.015,15.5,0.2917,1.663,0.815,0.867,0.026
CN3,-0.5,2009,SPRING,09/05/2009,17,3,4.5,1.2,0.01,31,0.4321,1.663,0.815,0.867,0.026
CN3,-0.5,2009,SPRING,09/05/2009,17,4,3.3,3.8,0.009,NA,0.3484,1.663,0.815,0.867,0.026
CN3,-0.5,2009,SPRING,09/05/2009,17,5,1.6,5.6,0.013,15.5,0.1233,1.663,0.815,0.867,0.026
CN3,-0.5,2009,SPRING,09/05/2009,17,6,1.8,3,0.015,31,0.121,1.663,0.815,0.867,0.026
CN3,-0.5,2009,SPRING,09/05/2009,17,7,3.6,1.9,0.009,31,0.3869,1.663,0.815,0.867,0.026
CN3,-0.5,2009,SUMMER,08/07/2009,18,1,5.7,6.8,0.026,7,0.2154,0.166,0.109,0.105,0.026
CN3,-0.5,2009,SUMMER,08/07/2009,18,2,11.7,7.7,0.025,14,0.4694,0.166,0.109,0.105,0.026
CN3,-0.5,2009,SUMMER,08/07/2009,18,3,15.8,12.8,0.032,7,0.5004,0.166,0.109,0.105,0.026
CN3,-0.5,2009,SUMMER,08/07/2009,18,4,11,6,0.02,14,0.554,0.166,0.109,0.105,0.026
CN3,-0.5,2009,SUMMER,08/07/2009,18,5,9.9,4.1,0.016,14,0.6245,0.166,0.109,0.105,0.026
CN3,-0.5,2009,SUMMER,08/07/2009,18,6,15.6,12.8,0.028,9.3,0.5672,0.166,0.109,0.105,0.026
CN3,-0.5,2009,SUMMER,08/07/2009,18,7,19.8,4.9,0.022,9.3,0.8872,0.166,0.109,0.105,0.026
CN3,-0.5,2009,SUMMER,08/07/2009,18,8,18.1,14.3,0.029,5.6,0.6217,0.166,0.109,0.105,0.026
CN3,-0.5,2009,FALL,11/11/2009,19,1,6.7,7.2,0.012,29,0.5388,0.166,0.167,1.637,0.059
CN3,-0.5,2009,FALL,11/11/2009,19,2,4.5,7,0.013,29,0.3588,0.166,0.167,1.637,0.059
CN3,-0.5,2009,FALL,11/11/2009,19,3,3.9,5.4,0.011,29,0.3643,0.166,0.167,1.637,0.059
CN3,-0.5,2009,FALL,11/11/2009,19,4,8.4,0.7,0.014,14.5,0.6193,0.166,0.167,1.637,0.059
CN3,-0.5,2010,WINTER,10/02/2010,20,1,1.5,0.8,0.007,44,0.2099,5.737,1.435,24.597,0.026
CN3,-0.5,2010,WINTER,10/02/2010,20,2,2.9,3.8,0.013,22,0.2222,5.737,1.435,24.597,0.026
CN3,-0.5,2010,WINTER,10/02/2010,20,3,1.5,1.6,0.007,44,0.2199,5.737,1.435,24.597,0.026
CN3,-0.5,2010,SPRING,30/04/2010,21,1,12.2,NA,0.017,9.7,0.7187,NA,NA,NA,NA
CN3,-0.5,2010,SPRING,30/04/2010,21,2,9,3.7,0.019,9.7,0.4774,NA,NA,NA,NA
CN3,-0.5,2010,SPRING,30/04/2010,21,3,14.2,6.9,0.02,14.5,0.7071,NA,NA,NA,NA
CN3,-0.5,2010,SPRING,30/04/2010,21,4,2.1,5.4,0.017,14.5,0.1259,NA,NA,NA,NA
CN3,-0.5,2010,SPRING,30/04/2010,21,5,8.5,3.4,0.023,14.5,0.3627,NA,NA,NA,NA
CN3,-0.5,2010,SUMMER,13/07/2010,22,1,15.8,11.8,0.023,10,0.7005,0.166,0.109,0.105,0.026
CN3,-0.5,2010,SUMMER,13/07/2010,22,2,17.9,9.4,0.022,10,0.8065,0.166,0.109,0.105,0.026
CN3,-0.5,2010,SUMMER,13/07/2010,22,3,15.1,10.4,0.022,10,0.6744,0.166,0.109,0.105,0.026
CN3,-0.5,2010,SUMMER,13/07/2010,22,4,18.1,14.1,0.02,10,0.9224,0.166,0.109,0.105,0.026
CN3,-0.5,2010,SUMMER,13/07/2010,22,5,13.6,13.8,0.026,10,0.525,0.166,0.109,0.105,0.026
CN3,-0.5,2010,FALL,24/10/2010,23,1,3.4,18,0.009,31,0.3678,1.064,0.315,1.476,0.026
CN3,-0.5,2010,FALL,24/10/2010,23,2,7.6,13.5,0.012,15.5,0.626,1.064,0.315,1.476,0.026
CN3,-0.5,2010,FALL,24/10/2010,23,3,3.9,5.7,0.009,31,0.4352,1.064,0.315,1.476,0.026
CN3,-0.5,2010,FALL,24/10/2010,23,4,4.4,11.7,0.01,31,0.4263,1.064,0.315,1.476,0.026
CN3,-0.5,2010,FALL,24/10/2010,23,5,3,7.8,0.011,31,0.2847,1.064,0.315,1.476,0.026
CN3,-0.5,2010,FALL,24/10/2010,23,6,4.3,6.5,0.01,31,0.4113,1.064,0.315,1.476,0.026
CN3,-0.5,2011,WINTER,04/02/2011,24,1,2.5,0.3,0.009,28,0.2641,0.166,0.525,11.694,0.026
CN3,-0.5,2011,SPRING,26/05/2011,25,1,5.2,3.1,0.022,8.6,0.239,1.566,0.312,1.682,0.026
CN3,-0.5,2011,SUMMER,01/07/2011,26,1,16.1,10.2,0.023,14.5,0.6971,0.166,0.109,1.653,0.026
CN3,-0.5,2011,SUMMER,01/07/2011,26,2,16.3,14.6,0.021,9.7,0.7922,0.166,0.109,1.653,0.026
CN3,-0.5,2011,SUMMER,01/07/2011,26,3,10.6,7,0.021,14.5,0.4989,0.166,0.109,1.653,0.026
CN3,-0.5,2011,SUMMER,01/07/2011,26,4,16.4,15.3,0.02,14.5,0.8389,0.166,0.109,1.653,0.026
CN3,-0.5,2011,SUMMER,01/07/2011,26,5,16.8,6.9,0.023,14.5,0.742,0.166,0.109,1.653,0.026
CN3,-0.5,2011,SUMMER,01/07/2011,26,6,10.1,7.5,0.02,14.5,0.4932,0.166,0.109,1.653,0.026
CN3,-0.5,2011,SUMMER,01/07/2011,26,7,15.2,16.6,0.022,14.5,0.6776,0.166,0.109,1.653,0.026
CN3,-0.5,2011,FALL,14/10/2011,27,1,2.8,10.3,0.018,28,0.1599,0.707,0.253,2.653,0.085
CN3,-0.5,2011,FALL,14/10/2011,27,2,4.1,12.2,0.012,28,0.3335,0.707,0.253,2.653,0.085
CN3,-0.5,2011,FALL,14/10/2011,27,3,4.3,15.8,0.014,28,0.3135,0.707,0.253,2.653,0.085
CN3,-0.5,2011,FALL,14/10/2011,27,4,2,5.1,0.01,28,0.1935,0.707,0.253,2.653,0.085
CN3,-0.5,2011,FALL,14/10/2011,27,5,2.5,10,0.013,28,0.1952,0.707,0.253,2.653,0.085
CN3,-0.5,2012,WINTER,07/02/2012,28,1,1,NA,0.016,30,0.0607,0.166,0.109,0.105,0.026
CN3,-0.5,2012,WINTER,07/02/2012,28,2,1.5,NA,0.015,30,0.1,0.166,0.109,0.105,0.026
CN3,-0.5,2012,WINTER,07/02/2012,28,3,1.1,0.1,0.005,30,0.2303,0.166,0.109,0.105,0.026
CN3,-0.5,2012,WINTER,07/02/2012,28,4,1.3,0.3,0.005,30,0.2527,0.166,0.109,0.105,0.026
CN3,-0.5,2012,WINTER,07/02/2012,28,5,0.3,NA,0.002,30,0.1808,0.166,0.109,0.105,0.026
CN3,-0.5,2012,WINTER,07/02/2012,28,6,1.8,0.9,0.005,30,0.396,0.166,0.109,0.105,0.026
CN3,-0.5,2012,SPRING,22/05/2012,29,1,9.8,7.2,0.028,9.7,0.3451,0.166,0.109,1.944,0.026
CN3,-0.5,2012,SPRING,22/05/2012,29,2,13.6,3.5,0.019,14.5,0.7201,0.166,0.109,1.944,0.026
CN3,-0.5,2012,SPRING,22/05/2012,29,3,17,5.1,0.026,9.7,0.6542,0.166,0.109,1.944,0.026
CN3,-0.5,2012,SPRING,22/05/2012,29,4,9,1.8,0.02,14.5,0.4399,0.166,0.109,1.944,0.026
CN3,-0.5,2012,SPRING,22/05/2012,29,5,10.3,2.6,0.022,14.5,0.4632,0.166,0.109,1.944,0.026
CN3,-0.5,2012,SPRING,22/05/2012,29,6,9.2,6.4,0.03,7.3,0.3106,0.166,0.109,1.944,0.026
CN3,-0.5,2012,SPRING,22/05/2012,29,7,7.6,4.4,0.027,9.7,0.2813,0.166,0.109,1.944,0.026
CN3,-0.5,2012,SUMMER,19/07/2012,30,1,6.7,7.4,0.028,10,0.2393,1.336,0.109,2.419,0.026
CN3,-0.5,2012,SUMMER,19/07/2012,30,2,6.2,4.8,0.022,10,0.2836,1.336,0.109,2.419,0.026
CN3,-0.5,2012,SUMMER,19/07/2012,30,3,6.4,4.5,0.025,10,0.2574,1.336,0.109,2.419,0.026
CN3,-0.5,2012,SUMMER,19/07/2012,30,4,11.4,6.3,0.024,7.5,0.4727,1.336,0.109,2.419,0.026
CN3,-0.5,2012,FALL,01/11/2012,31,1,3.6,15.5,0.01,NA,0.3599,0.873,0.444,8.202,0.06
CN3,-0.5,2012,FALL,01/11/2012,31,2,3.1,9.1,0.011,NA,0.294,0.873,0.444,8.202,0.06
CN3,-0.5,2012,FALL,01/11/2012,31,3,4.8,13.9,0.011,NA,0.4242,0.873,0.444,8.202,0.06
CN3,-0.5,2012,FALL,01/11/2012,31,4,6.2,12.6,0.012,29,0.5087,0.873,0.444,8.202,0.06
CN3,-0.5,2012,FALL,01/11/2012,31,5,7,24.6,0.019,29,0.3646,0.873,0.444,8.202,0.06
CN3,-0.5,2013,WINTER,12/02/2013,32,1,2.5,NA,0.007,NA,0.3711,0.932,0.188,3.968,0.026
CN3,-0.5,2013,SPRING,11/05/2013,33,1,8.3,2.7,0.02,16,0.4174,0.431,0.288,11.558,0.033
CN3,-0.5,2013,SPRING,11/05/2013,33,2,2.7,2.7,0.016,16,0.1653,0.431,0.288,11.558,0.033
CN3,-0.5,2013,SUMMER,01/08/2013,34,1,1.7,8.5,0.005,29,0.3473,NA,NA,NA,NA
CN3,-0.5,2013,SUMMER,01/08/2013,34,2,10.7,5.8,0.019,14.5,0.5528,NA,NA,NA,NA
CN3,-0.5,2013,SUMMER,01/08/2013,34,3,8.6,6.5,0.024,14.5,0.3593,NA,NA,NA,NA
CN3,-0.5,2015,WINTER,05/02/2015,35,1,NA,10.1,NA,NA,0.1145,0.993,0.308,3.186,0.107
CN3,-0.5,2015,WINTER,05/02/2015,35,2,2.9,6.4,0.017,29,0.1712,0.993,0.308,3.186,0.107
CN3,-0.5,2015,WINTER,05/02/2015,35,3,NA,11.2,NA,NA,0.1528,0.993,0.308,3.186,0.107
CN3,-0.5,2015,FALL,11/11/2015,36,1,1,6.7,0.004,30,0.274,5.516,0.635,2.065,0.026
CN3,-0.5,2015,FALL,11/11/2015,36,2,0.5,0.4,0.002,NA,0.313,5.516,0.635,2.065,0.026