SITE;ELEVATION.m;YEAR;SEASON;SST.C;S.date;t.units;R.replicate;LGR;LLRw;TurnR;PI;SDW;NH4.uM.mean;NO2.uM.mean;NO3.uM.mean;PO4.uM.mean;Plant.num;t.d.;L.gross.cm;n;DW_LL
CN1;0.4;2006;WINTER;43.916;14/02/2006;4;9;1;0.5;0.01;30;0.0999;NA;NA;NA;NA;15;30;14.2;2;0.002181223
CN1;0.4;2012;WINTER;42.771;07/02/2012;25;9;0.3;0.1;0.01;30;0.0297;0.166;0.109;0.105;0.026;9;30;4.1;2;0.001477612
CN1;0.4;2012;SUMMER;68.57;19/07/2012;27;9;11;5.3;0.052;5.5;0.2118;1.336;0.109;2.419;0.026;11;11;59.9;3;0.001646967
CN1;0.4;2012;FALL;55.749;01/11/2012;28;9;1.5;5.7;0.017;29;0.0862;0.873;0.444;8.202;0.06;13;29;19.3;2;0.002112745
CN2;-0.08;2007;SPRING;57.63;02/05/2007;8;9;5.3;1.5;0.017;28;0.3181;0.734;0.283;0.516;0.227;29;28;73.6;3;0.0020589
CN2;-0.08;2008;WINTER;48.163;24/01/2008;11;9;1.9;0.6;0.008;NA;0.2385;0.166;0.229;0.5;0.026;29;29;18.9;1;0.002667785
CN2;-0.08;2008;SPRING;57.199;29/04/2008;12;9;3.6;1.2;0.019;28;0.1928;1.136;1.022;0.46;0.411;25;28;61.6;3;0.001329655
CN2;-0.08;2012;FALL;55.749;01/11/2012;27;9;0.6;11;0.002;NA;0.2987;0.873;0.444;8.202;0.06;25;29;9;1;0.002928431
CN1;0.4;2006;WINTER;43.916;14/02/2006;4;8;2;0.3;0.011;30;0.1785;NA;NA;NA;NA;14;30;17.5;3;0.002583213
CN1;0.4;2012;WINTER;42.771;07/02/2012;25;8;0.4;0.1;0.008;30;0.0485;0.166;0.109;0.105;0.026;8;30;7.1;2;0.00165529
CN1;0.4;2012;SUMMER;68.57;19/07/2012;27;8;4.2;NA;0.028;11;0.1522;1.336;0.109;2.419;0.026;9;11;35.6;2;0.001256813
CN1;0.4;2012;FALL;55.749;01/11/2012;28;8;0.5;4.5;0.007;NA;0.0676;0.873;0.444;8.202;0.06;12;29;11;1;0.00247619
CN2;-0.08;2006;SUMMER;72.76;12/07/2006;5;8;8.4;5.7;0.021;15;0.4023;6.513;0.174;4.178;0.395;30;30;129.5;3;0.0019682
CN2;-0.08;2007;SPRING;57.63;02/05/2007;8;8;9.4;1.8;0.014;14;0.6525;0.734;0.283;0.516;0.227;28;28;113.5;3;0.002579051
CN2;-0.08;2008;WINTER;48.163;24/01/2008;11;8;1;NA;0.006;NA;0.1812;0.166;0.229;0.5;0.026;28;29;0;1;0.003156794
CN2;-0.08;2008;SPRING;57.199;29/04/2008;12;8;3.5;2.2;0.011;28;0.3127;1.136;1.022;0.46;0.411;24;28;48;2;0.001862418
CN2;-0.08;2009;FALL;56.643;11/11/2009;18;8;4.9;8;0.011;28;0.4481;0.166;0.167;1.637;0.059;25;28;47.3;2;0.002995321
CN2;-0.08;2012;SUMMER;68.57;19/07/2012;26;8;6.8;4.2;0.017;14.5;0.401;1.336;0.109;2.419;0.026;24;29;97.4;3;0.002009018
CN2;-0.08;2012;FALL;55.749;01/11/2012;27;8;4.7;10.8;0.009;29;0.4992;0.873;0.444;8.202;0.06;24;29;44.8;2;0.003466667
CN3;-0.5;2008;SUMMER;68.568;16/07/2008;14;8;5.9;3.4;0.021;13;0.2766;0.859;0.468;0.23;0.237;35;26;109.2;3;0.001398382
CN3;-0.5;2009;SUMMER;70.875;08/07/2009;18;8;18.1;14.3;0.029;5.6;0.6217;0.166;0.109;0.105;0.026;35;28;197.7;11;0.002552135
CN1;0.4;2006;WINTER;43.916;14/02/2006;4;7;0.7;1.5;0.015;30;0.0465;NA;NA;NA;NA;12;30;10.6;2;0.002113636
CN1;0.4;2006;FALL;57.373;23/10/2006;7;7;2.7;5.6;0.015;26;0.1859;NA;NA;NA;NA;14;26;32.6;2;0.002306452
CN1;0.4;2009;SUMMER;70.875;08/07/2009;18;7;4.8;3.6;0.024;14;0.2031;0.166;0.109;0.105;0.026;15;28;73.5;3;0.001653909
CN1;0.4;2012;WINTER;42.771;07/02/2012;25;7;0.3;0.7;0.013;30;0.0234;0.166;0.109;0.105;0.026;7;30;4.8;2;0.001708029
CN1;0.4;2012;SPRING;57.003;22/05/2012;26;7;0.5;0.5;0.025;9.7;0.0204;0.166;0.109;1.944;0.026;15;29;23.3;4;0.000723404
CN1;0.4;2012;SUMMER;68.57;19/07/2012;27;7;2.7;2.8;0.032;11;0.0855;1.336;0.109;2.419;0.026;8;11;26.8;2;0.001149194
CN1;0.4;2012;FALL;55.749;01/11/2012;28;7;1.3;6.7;0.013;NA;0.1006;0.873;0.444;8.202;0.06;11;29;16.6;1;0.002350467
CN1;0.4;2014;FALL;57.609;23/10/2014;33;7;1.7;2.5;0.017;14.5;0.0999;4.573;0.569;3.919;0.026;13;29;30.9;3;0.001681224
CN2;-0.08;2006;SUMMER;72.76;12/07/2006;5;7;5.7;1.4;0.021;15;0.2674;6.513;0.174;4.178;0.395;29;30;96;2;0.001470847
CN2;-0.08;2006;FALL;57.373;23/10/2006;6;7;4;6;0.013;NA;0.3001;NA;NA;NA;NA;25;27;12;1;0.0024008
CN2;-0.08;2007;WINTER;44.395;04/02/2007;7;7;2.4;4;0.016;32;0.1543;NA;NA;NA;NA;30;32;32;2;0.002939048
CN2;-0.08;2007;SPRING;57.63;02/05/2007;8;7;8.4;4.9;0.018;14;0.4615;0.734;0.283;0.516;0.227;27;28;131;6;0.002301746
CN2;-0.08;2008;WINTER;48.163;24/01/2008;11;7;2.2;0.1;0.01;29;0.2182;0.166;0.229;0.5;0.026;27;29;26.9;2;0.002525463
CN2;-0.08;2008;SPRING;57.199;29/04/2008;12;7;3.5;2.2;0.019;28;0.1866;1.136;1.022;0.46;0.411;23;28;70;2;0.001485669
CN2;-0.08;2009;FALL;56.643;11/11/2009;18;7;2;4.4;0.013;28;0.1554;0.166;0.167;1.637;0.059;22;28;20.1;2;0.002607383
CN2;-0.08;2010;WINTER;48.213;10/02/2010;19;7;1.1;2.3;0.012;28;0.0949;5.737;1.435;24.597;0.026;25;28;15.5;2;0.002766764
CN2;-0.08;2012;SUMMER;68.57;19/07/2012;26;7;6.7;5;0.017;14.5;0.3889;1.336;0.109;2.419;0.026;23;29;87.1;3;0.002217218
CN2;-0.08;2012;FALL;55.749;01/11/2012;27;7;1.5;13.8;0.009;NA;0.16;0.873;0.444;8.202;0.06;23;29;15.7;1;0.003298969
CN3;-0.5;2006;SPRING;60.412;10/05/2006;5;7;10.2;3.5;0.023;9.3;0.438;NA;NA;NA;NA;39;28;141;4;0.002018433
CN3;-0.5;2008;SUMMER;68.568;16/07/2008;14;7;13.3;10;0.019;13;0.686;0.859;0.468;0.23;0.237;33;26;144.2;3;0.002181934
CN3;-0.5;2009;SPRING;58.691;09/05/2009;17;7;3.6;1.9;0.009;31;0.3869;1.663;0.815;0.867;0.026;35;31;49.8;2;0.002228687
CN3;-0.5;2009;SUMMER;70.875;08/07/2009;18;7;19.8;4.9;0.022;9.3;0.8872;0.166;0.109;0.105;0.026;34;28;180.5;4;0.003075217
CN3;-0.5;2011;SUMMER;70.903;01/07/2011;26;7;15.2;16.6;0.022;14.5;0.6776;0.166;0.109;1.653;0.026;35;29;123.8;3;0.002538779
CN3;-0.5;2012;SPRING;57.003;22/05/2012;29;7;7.6;4.4;0.027;9.7;0.2813;0.166;0.109;1.944;0.026;34;29;124.7;7;0.001583005
CN1;0.4;2006;WINTER;43.916;14/02/2006;4;6;0.4;0.1;0.008;30;0.0472;NA;NA;NA;NA;11;30;13.3;2;0.001537459
CN1;0.4;2006;FALL;57.373;23/10/2006;7;6;0.6;1.9;0.008;NA;0.0797;NA;NA;NA;NA;13;26;6;1;0.00144123
CN1;0.4;2008;FALL;50.031;29/10/2008;15;6;4.3;7.3;0.01;30;0.4186;1.525;0.956;6.323;0.026;30;30;34.5;2;0.003547458
CN1;0.4;2009;WINTER;43.268;10/02/2009;16;6;0.8;1.3;0.012;30;0.0662;0.804;1.163;16.162;0.111;8;30;12.7;2;0.003261084
CN1;0.4;2009;SUMMER;70.875;08/07/2009;18;6;6.8;3.3;0.03;7;0.223;0.166;0.109;0.105;0.026;13;28;110.4;5;0.001714066
CN1;0.4;2012;WINTER;42.771;07/02/2012;25;6;0.2;0.1;0.009;30;0.0235;0.166;0.109;0.105;0.026;6;30;3.2;2;0.001305556
CN1;0.4;2012;SPRING;57.003;22/05/2012;26;6;2.5;2.2;0.027;9.7;0.0918;0.166;0.109;1.944;0.026;12;29;35.3;4;0.001320863
CN1;0.4;2012;SUMMER;68.57;19/07/2012;27;6;2.4;1.7;0.031;11;0.0773;1.336;0.109;2.419;0.026;6;11;11.4;2;0.000987229
CN1;0.4;2012;FALL;55.749;01/11/2012;28;6;1.1;5.5;0.008;NA;0.1326;0.873;0.444;8.202;0.06;10;29;11.2;1;0.003735211
CN1;0.4;2014;FALL;57.609;23/10/2014;33;6;0.9;1.7;0.023;29;0.04;4.573;0.569;3.919;0.026;12;29;18.1;2;0.001374263
CN2;-0.08;2006;SPRING;60.412;10/05/2006;4;6;6;2.8;0.024;14.5;0.2544;NA;NA;NA;NA;30;29;61;2;0.001619351
CN2;-0.08;2006;SUMMER;72.76;12/07/2006;5;6;12.4;9.7;0.014;10;0.8602;6.513;0.174;4.178;0.395;27;30;120;3;0.002735135
CN2;-0.08;2006;FALL;57.373;23/10/2006;6;6;3.4;7.8;0.015;27;0.2287;NA;NA;NA;NA;24;27;14;1;0.002584181
CN2;-0.08;2007;WINTER;44.395;04/02/2007;7;6;4.5;2.3;0.012;16;0.37;NA;NA;NA;NA;29;32;43.5;3;0.003318386
CN2;-0.08;2007;SPRING;57.63;02/05/2007;8;6;5;1.7;0.015;14;0.3285;0.734;0.283;0.516;0.227;26;28;83;3;0.001904348
CN2;-0.08;2007;SUMMER;69.567;30/06/2007;9;6;13.8;9.6;0.022;10.3;0.6165;1.719;0.109;0.605;0.248;30;31;165.3;4;0.002533909
CN2;-0.08;2008;WINTER;48.163;24/01/2008;11;6;2.1;3.5;0.015;29;0.1389;0.166;0.229;0.5;0.026;26;29;26.2;2;0.002596262
CN2;-0.08;2008;SPRING;57.199;29/04/2008;12;6;5.8;3.1;0.019;28;0.3105;1.136;1.022;0.46;0.411;22;28;78.3;2;0.002147303
CN2;-0.08;2008;SUMMER;68.568;16/07/2008;13;6;9.6;8.7;0.022;13.5;0.4356;0.859;0.468;0.23;0.237;25;27;101.5;3;0.002454085
CN2;-0.08;2009;SPRING;58.691;09/05/2009;16;6;3.6;1.8;0.02;14;0.1784;1.663;0.815;0.867;0.026;23;28;70;3;0.001700667
CN2;-0.08;2009;SUMMER;70.875;08/07/2009;17;6;11.7;15.1;0.029;13;0.4028;0.166;0.109;0.105;0.026;25;26;116;3;0.002602067
CN2;-0.08;2009;FALL;56.643;11/11/2009;18;6;4;4;0.013;28;0.3012;0.166;0.167;1.637;0.059;21;28;37.3;2;0.003466053
CN2;-0.08;2010;WINTER;48.213;10/02/2010;19;6;2.6;0.9;0.013;14;0.1987;5.737;1.435;24.597;0.026;24;28;33.5;3;0.002435049
CN2;-0.08;2010;SPRING;58.65;30/04/2010;20;6;7.6;NA;0.028;7.3;0.2698;NA;NA;NA;NA;23;29;126;5;0.001751948
CN2;-0.08;2011;SUMMER;70.903;01/07/2011;23;6;3.9;6.3;0.018;14.5;0.2154;0.166;0.109;1.653;0.026;25;29;55.4;3;0.002014967
CN2;-0.08;2012;SUMMER;68.57;19/07/2012;26;6;9.2;6.7;0.025;9.7;0.3755;1.336;0.109;2.419;0.026;22;29;133;4;0.002012326
CN2;-0.08;2012;FALL;55.749;01/11/2012;27;6;1.6;5.4;0.009;29;0.1752;0.873;0.444;8.202;0.06;22;29;25.9;2;0.002179104
CN2;-0.08;2013;WINTER;44.21;12/02/2013;28;6;0.5;0.2;0.003;28;0.1912;0.932;0.188;3.968;0.026;25;28;15.6;2;0.002429479
CN2;-0.08;2013;SPRING;56.744;11/05/2013;29;6;5.7;2.7;0.013;32;0.4553;0.431;0.288;11.558;0.033;25;32;61.5;2;0.002231863
CN3;-0.5;2006;SPRING;60.412;10/05/2006;5;6;11.6;4;0.018;14;0.6335;NA;NA;NA;NA;37;28;138.5;3;0.002077049
CN3;-0.5;2007;WINTER;44.395;04/02/2007;8;6;5.2;2.7;0.016;14.5;0.316;NA;NA;NA;NA;40;29;64;3;0.003464912
CN3;-0.5;2007;SPRING;57.63;02/05/2007;9;6;6.9;3.9;0.022;10;0.3193;0.734;0.283;0.516;0.227;39;30;128.5;5;0.001634921
CN3;-0.5;2007;FALL;55.583;14/10/2007;11;6;5.5;6.9;0.013;33;0.44;1.081;0.935;3;0.074;39;33;61.5;2;0.002875817
CN3;-0.5;2008;SUMMER;68.568;16/07/2008;14;6;12.8;9.1;0.022;8.7;0.5796;0.859;0.468;0.23;0.237;32;26;199.7;4;0.001874515
CN3;-0.5;2009;WINTER;43.268;10/02/2009;16;6;0.6;0.4;0.004;28;0.1479;0.804;1.163;16.162;0.111;35;28;16.9;2;0.002234139
CN3;-0.5;2009;SPRING;58.691;09/05/2009;17;6;1.8;3;0.015;31;0.121;1.663;0.815;0.867;0.026;34;31;46.7;2;0.001331133
CN3;-0.5;2009;SUMMER;70.875;08/07/2009;18;6;15.6;12.8;0.028;9.3;0.5672;0.166;0.109;0.105;0.026;33;28;157.2;4;0.00276818
CN3;-0.5;2010;FALL;54.595;24/10/2010;23;6;4.3;6.5;0.01;31;0.4113;1.064;0.315;1.476;0.026;35;31;38.9;2;0.002807509
CN3;-0.5;2011;SUMMER;70.903;01/07/2011;26;6;10.1;7.5;0.02;14.5;0.4932;0.166;0.109;1.653;0.026;34;29;158.1;3;0.001877427
CN3;-0.5;2012;WINTER;42.771;07/02/2012;28;6;1.8;0.9;0.005;30;0.396;0.166;0.109;0.105;0.026;35;30;8.1;2;0.004074074
CN3;-0.5;2012;SPRING;57.003;22/05/2012;29;6;9.2;6.4;0.03;7.3;0.3106;0.166;0.109;1.944;0.026;32;29;139.7;5;0.001805814
CN1;0.4;2012;WINTER;42.771;07/02/2012;25;5;0.3;0.2;0.01;30;0.0299;0.166;0.109;0.105;0.026;15;30;5;2;0.001359091
CN1;0.4;2006;WINTER;43.916;14/02/2006;4;5;0.3;0.1;0.008;30;0.0389;NA;NA;NA;NA;8;30;10;2;0.001288079
CN1;0.4;2006;FALL;57.373;23/10/2006;7;5;0.7;0.9;0.016;26;0.0428;NA;NA;NA;NA;12;26;19.3;2;0.000979405
CN1;0.4;2007;WINTER;44.395;04/02/2007;8;5;0.6;0.3;0.008;NA;0.0762;NA;NA;NA;NA;8;28;6;1;0.002309091
CN1;0.4;2008;WINTER;48.163;24/01/2008;12;5;0.5;1.1;0.019;30;0.0264;0.166;0.229;0.5;0.026;15;30;10.5;2;0.001703226
CN1;0.4;2008;FALL;50.031;29/10/2008;15;5;4.6;3.7;0.014;30;0.3342;1.525;0.956;6.323;0.026;29;30;32.8;2;0.00385023
CN1;0.4;2009;WINTER;43.268;10/02/2009;16;5;0.8;0.4;0.014;30;0.0559;0.804;1.163;16.162;0.111;6;30;7.6;2;0.001601719
CN1;0.4;2009;SUMMER;70.875;08/07/2009;18;5;2.9;3.6;0.03;14;0.0951;0.166;0.109;0.105;0.026;11;28;70.7;3;0.001155529
CN1;0.4;2011;FALL;55.175;14/10/2011;24;5;0.4;0.9;0.016;28;0.0254;0.707;0.253;2.653;0.085;13;28;7;2;0.000841934
CN1;0.4;2012;WINTER;42.771;07/02/2012;25;5;0.2;0;0.004;30;0.045;0.166;0.109;0.105;0.026;5;30;3.5;2;0.001691729
CN1;0.4;2012;SPRING;57.003;22/05/2012;26;5;2.3;0.5;0.026;9.7;0.0875;0.166;0.109;1.944;0.026;11;29;57.2;4;0.000994318
CN1;0.4;2012;SUMMER;68.57;19/07/2012;27;5;2.2;1.8;0.016;14.5;0.1419;1.336;0.109;2.419;0.026;5;29;39.4;3;0.001501587
CN1;0.4;2012;FALL;55.749;01/11/2012;28;5;0.8;6.6;0.008;NA;0.1056;0.873;0.444;8.202;0.06;9;29;9.9;1;0.002422018
CN1;0.4;2013;WINTER;44.21;12/02/2013;29;5;0.8;1.9;0.015;27;0.0547;0.932;0.188;3.968;0.026;15;27;9;2;0.002642512
CN1;0.4;2014;FALL;57.609;23/10/2014;33;5;NA;0.3;NA;29;0.0091;4.573;0.569;3.919;0.026;10;29;5.9;2;0.00048356
CN2;-0.08;2006;WINTER;43.916;14/02/2006;3;5;1.7;7.3;0.015;28;0.1101;NA;NA;NA;NA;29;28;18.1;2;0.003783505
CN2;-0.08;2006;SPRING;60.412;10/05/2006;4;5;5.1;5.9;0.024;14.5;0.2132;NA;NA;NA;NA;27;29;48.9;3;0.001634969
CN2;-0.08;2006;SUMMER;72.76;12/07/2006;5;5;9.7;4.6;0.02;15;0.4938;6.513;0.174;4.178;0.395;26;30;104;2;0.002119313
CN2;-0.08;2006;FALL;57.373;23/10/2006;6;5;2.7;8;0.01;28;0.2692;NA;NA;NA;NA;23;28;40.9;2;0.001903819
CN2;-0.08;2007;WINTER;44.395;04/02/2007;7;5;1;2;0.005;32;0.2002;NA;NA;NA;NA;28;32;14.5;2;0.003033333
CN2;-0.08;2007;SPRING;57.63;02/05/2007;8;5;9.2;2;0.017;9.3;0.5469;0.734;0.283;0.516;0.227;25;28;103.5;5;0.002667805
CN2;-0.08;2007;SUMMER;69.567;30/06/2007;9;5;9;5.6;0.026;10.3;0.3506;1.719;0.109;0.605;0.248;28;31;147.2;4;0.001898213
CN2;-0.08;2007;FALL;55.583;14/10/2007;10;5;4.2;7.3;0.019;30;0.2252;1.081;0.935;3;0.074;30;30;56.8;2;0.002358115
CN2;-0.08;2008;WINTER;48.163;24/01/2008;11;5;2.1;1.6;0.012;29;0.1723;0.166;0.229;0.5;0.026;25;29;25.1;2;0.002396384
CN2;-0.08;2008;SPRING;57.199;29/04/2008;12;5;4.6;5;0.021;28;0.219;1.136;1.022;0.46;0.411;21;28;65.7;2;0.001793612
CN2;-0.08;2008;SUMMER;68.568;16/07/2008;13;5;6.5;6.7;0.027;13.5;0.244;0.859;0.468;0.23;0.237;23;27;107;3;0.001700348
CN2;-0.08;2009;WINTER;43.268;10/02/2009;15;5;1.1;0.4;0.009;29;0.1193;0.804;1.163;16.162;0.111;25;29;14.5;2;0.002343811
CN2;-0.08;2009;SPRING;58.691;09/05/2009;16;5;3.2;2.8;0.02;28;0.1577;1.663;0.815;0.867;0.026;22;28;62.4;2;0.001384548
CN2;-0.08;2009;SUMMER;70.875;08/07/2009;17;5;10.4;9.3;0.02;13;0.5135;0.166;0.109;0.105;0.026;23;26;126;3;0.002554726
CN2;-0.08;2009;FALL;56.643;11/11/2009;18;5;1.7;2.8;0.011;28;0.15;0.166;0.167;1.637;0.059;20;28;18.5;2;0.002463054
CN2;-0.08;2010;WINTER;48.213;10/02/2010;19;5;2.3;2.7;0.018;28;0.1309;5.737;1.435;24.597;0.026;23;28;22.2;2;0.002633803
CN2;-0.08;2010;SPRING;58.65;30/04/2010;20;5;8;3.1;0.025;9.7;0.3218;NA;NA;NA;NA;22;29;104.5;3;0.00222699
CN2;-0.08;2011;SUMMER;70.903;01/07/2011;23;5;1.9;3.2;0.027;9.7;0.0696;0.166;0.109;1.653;0.026;24;29;44.9;4;0.00126776
CN2;-0.08;2012;SUMMER;68.57;19/07/2012;26;5;10.7;8.6;0.022;14.5;0.4863;1.336;0.109;2.419;0.026;21;29;134.8;3;0.002267133
CN2;-0.08;2013;WINTER;44.21;12/02/2013;28;5;2;0.7;0.01;28;0.2084;0.932;0.188;3.968;0.026;24;28;21.4;2;0.002492823
CN2;-0.08;2013;SPRING;56.744;11/05/2013;29;5;8.3;1.4;0.015;16;0.5658;0.431;0.288;11.558;0.033;24;32;113.8;3;0.002274116
CN3;-0.5;2006;SPRING;60.412;10/05/2006;5;5;4;8.9;0.02;28;0.1965;NA;NA;NA;NA;36;28;46;2;0.001819444
CN3;-0.5;2006;FALL;57.373;23/10/2006;7;5;3.9;7.9;0.014;28;0.2866;NA;NA;NA;NA;34;28;47.5;2;0.001763692
CN3;-0.5;2007;WINTER;44.395;04/02/2007;8;5;2.3;7.6;0.008;29;0.3061;NA;NA;NA;NA;39;29;28;2;0.003732927
CN3;-0.5;2007;SPRING;57.63;02/05/2007;9;5;9.8;8.2;0.025;10;0.3988;0.734;0.283;0.516;0.227;38;30;175;4;0.001989027
CN3;-0.5;2007;SUMMER;69.567;30/06/2007;10;5;10.7;9.7;0.02;16;0.5405;1.719;0.109;0.605;0.248;40;32;82.8;3;0.002991146
CN3;-0.5;2007;FALL;55.583;14/10/2007;11;5;6.6;8;0.014;33;0.4858;1.081;0.935;3;0.074;38;33;80;2;0.002849267
CN3;-0.5;2008;SPRING;57.199;29/04/2008;13;5;8.3;2.1;0.021;29;0.3869;1.136;1.022;0.46;0.411;35;29;94.7;4;0.00181133
CN3;-0.5;2008;SUMMER;68.568;16/07/2008;14;5;13;8.9;0.023;13;0.5652;0.859;0.468;0.23;0.237;31;26;161.3;3;0.00208792
CN3;-0.5;2009;WINTER;43.268;10/02/2009;16;5;2.5;0.6;0.011;28;0.2363;0.804;1.163;16.162;0.111;34;28;24.3;2;0.002939055
CN3;-0.5;2009;SPRING;58.691;09/05/2009;17;5;1.6;5.6;0.013;15.5;0.1233;1.663;0.815;0.867;0.026;33;31;31.8;3;0.00159715
CN3;-0.5;2009;SUMMER;70.875;08/07/2009;18;5;9.9;4.1;0.016;14;0.6245;0.166;0.109;0.105;0.026;32;28;100.5;3;0.002515103
CN3;-0.5;2010;SPRING;58.65;30/04/2010;21;5;8.5;3.4;0.023;14.5;0.3627;NA;NA;NA;NA;34;29;68;3;0.001893995
CN3;-0.5;2010;SUMMER;74.023;13/07/2010;22;5;13.6;13.8;0.026;10;0.525;0.166;0.109;0.105;0.026;32;30;178.4;4;0.002273712
CN3;-0.5;2010;FALL;54.595;24/10/2010;23;5;3;7.8;0.011;31;0.2847;1.064;0.315;1.476;0.026;32;31;29.8;2;0.002932029
CN3;-0.5;2011;SUMMER;70.903;01/07/2011;26;5;16.8;6.9;0.023;14.5;0.742;0.166;0.109;1.653;0.026;33;29;160;3;0.002445616
CN3;-0.5;2011;FALL;55.175;14/10/2011;27;5;2.5;10;0.013;28;0.1952;0.707;0.253;2.653;0.085;34;28;37.6;2;0.00231829
CN3;-0.5;2012;WINTER;42.771;07/02/2012;28;5;0.3;NA;0.002;30;0.1808;0.166;0.109;0.105;0.026;31;30;6;2;0.003033557
CN3;-0.5;2012;SPRING;57.003;22/05/2012;29;5;10.3;2.6;0.022;14.5;0.4632;0.166;0.109;1.944;0.026;31;29;145;6;0.00183215
CN3;-0.5;2012;FALL;55.749;01/11/2012;31;5;7;24.6;0.019;29;0.3646;0.873;0.444;8.202;0.06;35;29;57.4;2;0.003502402
CN1;0.4;2012;WINTER;42.771;07/02/2012;25;4;0.2;0;0.007;30;0.0297;0.166;0.109;0.105;0.026;14;30;5.5;2;0.001253165
CN1;0.4;2006;WINTER;43.916;14/02/2006;4;4;0.7;0.9;0.015;30;0.0464;NA;NA;NA;NA;5;30;12.5;2;0.001886179
CN1;0.4;2006;SUMMER;72.76;12/07/2006;6;4;3.6;2.6;0.029;9.7;0.1224;6.513;0.174;4.178;0.395;15;29;67.3;3;0.001543537
CN1;0.4;2006;FALL;57.373;23/10/2006;7;4;0.8;2.2;0.018;13;0.0448;NA;NA;NA;NA;9;26;18.7;3;0.001417722
CN1;0.4;2007;WINTER;44.395;04/02/2007;8;4;0.3;0.1;0.008;28;0.0376;NA;NA;NA;NA;7;28;6;2;0.001989418
CN1;0.4;2007;SUMMER;69.567;30/06/2007;10;4;4.4;2;0.03;9.3;0.1475;1.719;0.109;0.605;0.248;12;28;103.7;4;0.0012031
CN1;0.4;2008;WINTER;48.163;24/01/2008;12;4;0.6;0.8;0.017;30;0.0345;0.166;0.229;0.5;0.026;13;30;10.4;2;0.001526549
CN1;0.4;2008;SPRING;57.199;29/04/2008;13;4;1.4;0.9;0.029;14;0.0484;1.136;1.022;0.46;0.411;15;28;35;3;0.001063736
CN1;0.4;2008;FALL;50.031;29/10/2008;15;4;1.9;6.4;0.008;28;0.2428;1.525;0.956;6.323;0.026;27;28;29.1;2;0.002813441
CN1;0.4;2009;WINTER;43.268;10/02/2009;16;4;1.4;0.7;0.01;30;0.1387;0.804;1.163;16.162;0.111;5;30;17;2;0.002441901
CN1;0.4;2009;SPRING;58.691;09/05/2009;17;4;6.2;1.5;0.024;10.7;0.2542;1.663;0.815;0.867;0.026;10;32;100.9;4;0.001777622
CN1;0.4;2009;SUMMER;70.875;08/07/2009;18;4;5.2;1.5;0.023;9.3;0.2279;0.166;0.109;0.105;0.026;7;28;92.3;4;0.00155034
CN1;0.4;2009;FALL;56.643;11/11/2009;19;4;0.6;3.1;0.015;30;0.0388;0.166;0.167;1.637;0.059;15;30;12.5;2;0.00191133
CN1;0.4;2011;FALL;55.175;14/10/2011;24;4;0.9;1.2;0.017;14;0.0516;0.707;0.253;2.653;0.085;11;28;24.3;3;0.001231504
CN1;0.4;2012;WINTER;42.771;07/02/2012;25;4;0.3;1.1;0.011;30;0.0273;0.166;0.109;0.105;0.026;4;30;5.1;2;0.001844595
CN1;0.4;2012;SPRING;57.003;22/05/2012;26;4;2.1;0.8;0.024;14.5;0.0879;0.166;0.109;1.944;0.026;9;29;36.5;3;0.001515517
CN1;0.4;2012;SUMMER;68.57;19/07/2012;27;4;1.1;1.4;0.008;29;0.1453;1.336;0.109;2.419;0.026;4;29;26.4;2;0.001340406
CN1;0.4;2012;FALL;55.749;01/11/2012;28;4;1.5;5.8;0.014;29;0.1035;0.873;0.444;8.202;0.06;8;29;20;2;0.002401392
CN1;0.4;2013;WINTER;44.21;12/02/2013;29;4;0.4;0.9;0.011;27;0.036;0.932;0.188;3.968;0.026;14;27;7;2;0.002465753
CN1;0.4;2013;SPRING;56.744;11/05/2013;30;4;0.4;0.2;0.008;NA;0.0491;0.431;0.288;11.558;0.033;11;32;5.5;1;0.000900917
CN1;0.4;2014;FALL;57.609;23/10/2014;33;4;0.7;1.6;0.024;14.5;0.0294;4.573;0.569;3.919;0.026;5;29;20.5;3;0.001199766
CN2;-0.08;2006;WINTER;43.916;14/02/2006;3;4;1.4;11.1;0.009;28;0.1627;NA;NA;NA;NA;28;28;8.7;2;0.005165079
CN2;-0.08;2006;SPRING;60.412;10/05/2006;4;4;9.4;6.7;0.027;9.7;0.3428;NA;NA;NA;NA;26;29;133.5;4;0.001878356
CN2;-0.08;2006;SUMMER;72.76;12/07/2006;5;4;3.1;0.8;0.021;15;0.1455;6.513;0.174;4.178;0.395;25;30;64.9;2;0.001239353
CN2;-0.08;2006;FALL;57.373;23/10/2006;6;4;2.4;5.4;0.012;27;0.2067;NA;NA;NA;NA;21;27;58.5;2;0.001922791
CN2;-0.08;2007;WINTER;44.395;04/02/2007;7;4;0.2;2.4;0.002;NA;0.0924;NA;NA;NA;NA;27;32;1.5;1;0.003132203
CN2;-0.08;2007;SPRING;57.63;02/05/2007;8;4;6.7;3.3;0.016;14;0.4122;0.734;0.283;0.516;0.227;24;28;98.5;3;0.00194434
CN2;-0.08;2007;SUMMER;69.567;30/06/2007;9;4;12.4;10.1;0.027;15.5;0.4525;1.719;0.109;0.605;0.248;27;31;209;6;0.001843177
CN2;-0.08;2007;FALL;55.583;14/10/2007;10;4;1.1;3;0.006;30;0.1763;1.081;0.935;3;0.074;28;30;16.7;2;0.002155257
CN2;-0.08;2008;WINTER;48.163;24/01/2008;11;4;4.5;2.7;0.012;29;0.3668;0.166;0.229;0.5;0.026;24;29;38.1;2;0.003380645
CN2;-0.08;2008;SPRING;57.199;29/04/2008;12;4;5.8;1.2;0.022;14;0.2669;1.136;1.022;0.46;0.411;19;28;97.1;3;0.001645499
CN2;-0.08;2008;SUMMER;68.568;16/07/2008;13;4;6;7.8;0.023;13.5;0.2614;0.859;0.468;0.23;0.237;22;27;52.5;3;0.0023699
CN2;-0.08;2008;FALL;50.031;29/10/2008;14;4;2.7;2.5;0.018;28;0.154;1.525;0.956;6.323;0.026;9;28;29.3;2;0.001961783
CN2;-0.08;2009;WINTER;43.268;10/02/2009;15;4;2.5;4;0.014;29;0.1776;0.804;1.163;16.162;0.111;23;29;17;2;0.004385185
CN2;-0.08;2009;SPRING;58.691;09/05/2009;16;4;3.2;1.7;0.02;14;0.1607;1.663;0.815;0.867;0.026;20;28;33.6;3;0.001405949
CN2;-0.08;2009;SUMMER;70.875;08/07/2009;17;4;10.8;11.7;0.022;13;0.4885;0.166;0.109;0.105;0.026;22;26;113.6;3;0.002369059
CN2;-0.08;2009;FALL;56.643;11/11/2009;18;4;3;4.7;0.01;28;0.3006;0.166;0.167;1.637;0.059;19;28;29.9;2;0.003711111
CN2;-0.08;2010;WINTER;48.213;10/02/2010;19;4;1.7;5.5;0.019;28;0.0914;5.737;1.435;24.597;0.026;21;28;21.7;2;0.002883281
CN2;-0.08;2010;SPRING;58.65;30/04/2010;20;4;8.8;6.4;0.028;9.7;0.3121;NA;NA;NA;NA;21;29;104;4;0.002145017
CN2;-0.08;2011;SUMMER;70.903;01/07/2011;23;4;3.5;5.8;0.026;14.5;0.1367;0.166;0.109;1.653;0.026;23;29;65.4;3;0.00156946
CN2;-0.08;2012;SUMMER;68.57;19/07/2012;26;4;2.4;11.8;0.009;14.5;0.2657;1.336;0.109;2.419;0.026;20;29;26.6;3;0.002292494
CN2;-0.08;2012;FALL;55.749;01/11/2012;27;4;2.5;17;0.007;NA;0.3438;0.873;0.444;8.202;0.06;20;29;26;1;0.00320709
CN2;-0.08;2013;WINTER;44.21;12/02/2013;28;4;1.4;6.9;0.009;NA;0.152;0.932;0.188;3.968;0.026;22;28;9;1;0.004676923
CN2;-0.08;2013;SPRING;56.744;11/05/2013;29;4;14.8;8;0.024;8;0.6071;0.431;0.288;11.558;0.033;20;32;209.5;7;0.002239395
CN3;-0.5;2006;WINTER;43.916;14/02/2006;4;4;2.9;2.4;0.012;29;0.2426;NA;NA;NA;NA;38;29;35;3;0.002695556
CN3;-0.5;2006;SPRING;60.412;10/05/2006;5;4;8.5;2.3;0.018;14;0.4657;NA;NA;NA;NA;35;28;84.3;3;0.002022145
CN3;-0.5;2006;SUMMER;72.76;12/07/2006;6;4;9.4;5.4;0.02;10.3;0.4721;6.513;0.174;4.178;0.395;40;31;112.5;3;0.001955675
CN3;-0.5;2006;FALL;57.373;23/10/2006;7;4;5.4;5.1;0.016;28;0.3344;NA;NA;NA;NA;33;28;58;2;0.002051534
CN3;-0.5;2007;WINTER;44.395;04/02/2007;8;4;5.8;6.9;0.013;29;0.4442;NA;NA;NA;NA;38;29;35.5;3;0.003983857
CN3;-0.5;2007;SPRING;57.63;02/05/2007;9;4;1;2.7;0.005;30;0.2128;0.734;0.283;0.516;0.227;37;30;23;2;0.001811064
CN3;-0.5;2007;SUMMER;69.567;30/06/2007;10;4;12.2;NA;0.02;10.7;0.5994;1.719;0.109;0.605;0.248;39;32;120.7;3;0.002557167
CN3;-0.5;2007;FALL;55.583;14/10/2007;11;4;8.3;6.9;0.013;16.5;0.6154;1.081;0.935;3;0.074;35;33;89.5;3;0.003131807
CN3;-0.5;2008;WINTER;48.163;24/01/2008;12;4;4;3.8;0.017;28;0.2387;0.166;0.229;0.5;0.026;38;28;26.9;2;0.004151304
CN3;-0.5;2008;SPRING;57.199;29/04/2008;13;4;9.5;0.2;0.015;14.5;0.6462;1.136;1.022;0.46;0.411;34;29;96.3;3;0.002920018
CN3;-0.5;2008;SUMMER;68.568;16/07/2008;14;4;15.4;8.8;0.022;8.7;0.7056;0.859;0.468;0.23;0.237;30;26;173.8;4;0.002356713
CN3;-0.5;2008;FALL;50.031;29/10/2008;15;4;4.8;15.1;0.009;29;0.5205;1.525;0.956;6.323;0.026;39;29;43.5;2;0.003528814
CN3;-0.5;2009;WINTER;43.268;10/02/2009;16;4;1.9;3.1;0.018;28;0.1033;0.804;1.163;16.162;0.111;33;28;21.2;2;0.002740053
CN3;-0.5;2009;SPRING;58.691;09/05/2009;17;4;3.3;3.8;0.009;NA;0.3484;1.663;0.815;0.867;0.026;32;31;21.8;1;0.001766734
CN3;-0.5;2009;SUMMER;70.875;08/07/2009;18;4;11;6;0.02;14;0.554;0.166;0.109;0.105;0.026;31;28;85;3;0.002276089
CN3;-0.5;2009;FALL;56.643;11/11/2009;19;4;8.4;0.7;0.014;14.5;0.6193;0.166;0.167;1.637;0.059;34;29;89.3;3;0.002823985
CN3;-0.5;2010;SPRING;58.65;30/04/2010;21;4;2.1;5.4;0.017;14.5;0.1259;NA;NA;NA;NA;33;29;36;3;0.001928025
CN3;-0.5;2010;SUMMER;74.023;13/07/2010;22;4;18.1;14.1;0.02;10;0.9224;0.166;0.109;0.105;0.026;31;30;125.6;4;0.00431028
CN3;-0.5;2010;FALL;54.595;24/10/2010;23;4;4.4;11.7;0.01;31;0.4263;1.064;0.315;1.476;0.026;31;31;43.3;2;0.002753876
CN3;-0.5;2011;SUMMER;70.903;01/07/2011;26;4;16.4;15.3;0.02;14.5;0.8389;0.166;0.109;1.653;0.026;32;29;78.9;2;0.003770445
CN3;-0.5;2011;FALL;55.175;14/10/2011;27;4;2;5.1;0.01;28;0.1935;0.707;0.253;2.653;0.085;33;28;29.3;2;0.001830653
CN3;-0.5;2012;WINTER;42.771;07/02/2012;28;4;1.3;0.3;0.005;30;0.2527;0.166;0.109;0.105;0.026;30;30;13.8;2;0.003471154
CN3;-0.5;2012;SPRING;57.003;22/05/2012;29;4;9;1.8;0.02;14.5;0.4399;0.166;0.109;1.944;0.026;30;29;106.6;3;0.001995917
CN3;-0.5;2012;SUMMER;68.57;19/07/2012;30;4;11.4;6.3;0.024;7.5;0.4727;1.336;0.109;2.419;0.026;35;30;187;5;0.001720786
CN3;-0.5;2012;FALL;55.749;01/11/2012;31;4;6.2;12.6;0.012;29;0.5087;0.873;0.444;8.202;0.06;34;29;48.3;2;0.002639855
CN1;0.4;2012;WINTER;42.771;07/02/2012;25;3;0.3;0.5;0.017;30;0.0172;0.166;0.109;0.105;0.026;13;30;5.8;2;0.001194444
CN1;0.4;2006;WINTER;43.916;14/02/2006;4;3;0.7;NA;0.008;30;0.0859;NA;NA;NA;NA;3;30;10.7;2;0.001823779
CN1;0.4;2006;SUMMER;72.76;12/07/2006;6;3;2.9;3.3;0.022;9.7;0.1289;6.513;0.174;4.178;0.395;10;29;65.7;4;0.001440223
CN1;0.4;2006;FALL;57.373;23/10/2006;7;3;1.6;0.9;0.023;13;0.0687;NA;NA;NA;NA;6;26;26.3;3;0.001376754
CN1;0.4;2007;WINTER;44.395;04/02/2007;8;3;1.2;NA;0.011;28;0.107;NA;NA;NA;NA;6;28;13.4;2;0.002362031
CN1;0.4;2007;SUMMER;69.567;30/06/2007;10;3;6.4;4;0.03;9.3;0.2151;1.719;0.109;0.605;0.248;11;28;127.5;4;0.001418865
CN1;0.4;2008;WINTER;48.163;24/01/2008;12;3;0.5;1.4;0.012;30;0.0404;0.166;0.229;0.5;0.026;8;30;12.9;2;0.00187907
CN1;0.4;2008;SPRING;57.199;29/04/2008;13;3;1.7;1.1;0.025;14;0.0672;1.136;1.022;0.46;0.411;14;28;39;3;0.001320236
CN1;0.4;2008;FALL;50.031;29/10/2008;15;3;5.9;8.5;0.011;30;0.5182;1.525;0.956;6.323;0.026;24;30;40.5;2;0.003970881
CN1;0.4;2009;WINTER;43.268;10/02/2009;16;3;2;1.6;0.016;30;0.1221;0.804;1.163;16.162;0.111;4;30;19;2;0.002942169
CN1;0.4;2009;SPRING;58.691;09/05/2009;17;3;3.2;0.8;0.019;10.7;0.1691;1.663;0.815;0.867;0.026;9;32;59.4;4;0.001708081
CN1;0.4;2009;SUMMER;70.875;08/07/2009;18;3;4.8;2.5;0.032;7;0.1497;0.166;0.109;0.105;0.026;5;28;88.8;5;0.001512121
CN1;0.4;2009;FALL;56.643;11/11/2009;19;3;0.7;2.9;0.013;30;0.0555;0.166;0.167;1.637;0.059;9;30;13.5;2;0.002694175
CN1;0.4;2011;FALL;55.175;14/10/2011;24;3;1.4;3.1;0.015;14;0.0909;0.707;0.253;2.653;0.085;8;28;31;3;0.00158087
CN1;0.4;2012;WINTER;42.771;07/02/2012;25;3;0.4;0.6;0.014;30;0.0281;0.166;0.109;0.105;0.026;3;30;7.1;2;0.001478947
CN1;0.4;2012;SPRING;57.003;22/05/2012;26;3;2.4;0.9;0.027;9.7;0.0882;0.166;0.109;1.944;0.026;4;29;56.8;4;0.001226704
CN1;0.4;2012;SUMMER;68.57;19/07/2012;27;3;5.3;1.2;0.023;11;0.2348;1.336;0.109;2.419;0.026;3;11;35.2;2;0.001630556
CN1;0.4;2012;FALL;55.749;01/11/2012;28;3;0.8;5.1;0.011;29;0.0724;0.873;0.444;8.202;0.06;7;29;12.6;2;0.002358306
CN1;0.4;2013;WINTER;44.21;12/02/2013;29;3;0.4;0.5;0.013;27;0.0305;0.932;0.188;3.968;0.026;11;27;8.3;2;0.001980519
CN1;0.4;2013;SPRING;56.744;11/05/2013;30;3;0.6;1.2;0.015;16;0.0408;0.431;0.288;11.558;0.033;10;32;22.1;3;0.000886957
CN1;0.4;2014;FALL;57.609;23/10/2014;33;3;0.9;2;0.019;29;0.0484;4.573;0.569;3.919;0.026;4;29;17.3;2;0.001527097
CN2;-0.08;2006;WINTER;43.916;14/02/2006;3;3;0.4;1.2;0.005;28;0.0838;NA;NA;NA;NA;24;28;4.2;2;0.001939815
CN2;-0.08;2006;SPRING;60.412;10/05/2006;4;3;5.9;4.7;0.023;14.5;0.2617;NA;NA;NA;NA;24;29;93.8;4;0.001644877
CN2;-0.08;2006;SUMMER;72.76;12/07/2006;5;3;7.4;7.7;0.022;30;0.3332;6.513;0.174;4.178;0.395;24;30;46.5;1;0.002038209
CN2;-0.08;2006;FALL;57.373;23/10/2006;6;3;4.4;12.9;0.011;28;0.3985;NA;NA;NA;NA;20;28;64;2;0.002351032
CN2;-0.08;2007;WINTER;44.395;04/02/2007;7;3;3.8;1.5;0.011;16;0.3445;NA;NA;NA;NA;26;32;34.5;3;0.003445
CN2;-0.08;2007;SPRING;57.63;02/05/2007;8;3;7.6;1.1;0.016;14;0.4677;0.734;0.283;0.516;0.227;23;28;116.5;3;0.002029067
CN2;-0.08;2007;SUMMER;69.567;30/06/2007;9;3;11;7.2;0.021;10.3;0.5171;1.719;0.109;0.605;0.248;26;31;181.5;4;0.001856732
CN2;-0.08;2007;FALL;55.583;14/10/2007;10;3;5.6;12.9;0.012;30;0.451;1.081;0.935;3;0.074;25;30;50.5;2;0.003316176
CN2;-0.08;2008;WINTER;48.163;24/01/2008;11;3;1.6;1.7;0.015;29;0.1059;0.166;0.229;0.5;0.026;23;29;23.3;2;0.001928962
CN2;-0.08;2008;SPRING;57.199;29/04/2008;12;3;3;2.2;0.018;28;0.1702;1.136;1.022;0.46;0.411;18;28;56.5;2;0.001562902
CN2;-0.08;2008;SUMMER;68.568;16/07/2008;13;3;6.7;8.4;0.024;13.5;0.2803;0.859;0.468;0.23;0.237;21;27;100.7;3;0.001833224
CN2;-0.08;2008;FALL;50.031;29/10/2008;14;3;2.2;7.4;0.006;28;0.3798;1.525;0.956;6.323;0.026;8;28;28.8;2;0.002684099
CN2;-0.08;2009;WINTER;43.268;10/02/2009;15;3;2.8;1.9;0.014;29;0.1938;0.804;1.163;16.162;0.111;22;29;23.2;2;0.004149893
CN2;-0.08;2009;SPRING;58.691;09/05/2009;16;3;7;2.7;0.017;14;0.4053;1.663;0.815;0.867;0.026;19;28;78.5;3;0.002331991
CN2;-0.08;2009;SUMMER;70.875;08/07/2009;17;3;5.5;10.5;0.022;26;0.2448;0.166;0.109;0.105;0.026;20;26;70.9;2;0.001980583
CN2;-0.08;2009;FALL;56.643;11/11/2009;18;3;2.3;4.6;0.016;28;0.1408;0.166;0.167;1.637;0.059;18;28;24.5;2;0.002933333
CN2;-0.08;2010;WINTER;48.213;10/02/2010;19;3;0.7;0.9;0.013;28;0.052;5.737;1.435;24.597;0.026;18;28;13.8;2;0.001614907
CN2;-0.08;2010;SPRING;58.65;30/04/2010;20;3;24.4;13.7;0.025;9.7;0.9705;NA;NA;NA;NA;19;29;52.5;3;0.008453833
CN2;-0.08;2011;SUMMER;70.903;01/07/2011;23;3;4.8;5.4;0.03;9.7;0.16;0.166;0.109;1.653;0.026;21;29;99.4;4;0.001428571
CN2;-0.08;2012;SPRING;57.003;22/05/2012;25;3;1.3;1.4;0.03;7.3;0.044;0.166;0.109;1.944;0.026;25;29;50.3;5;0.000762565
CN2;-0.08;2012;SUMMER;68.57;19/07/2012;26;3;7.2;6;0.015;9.7;0.48;1.336;0.109;2.419;0.026;19;29;41.7;4;0.002233597
CN2;-0.08;2012;FALL;55.749;01/11/2012;27;3;2.8;10.4;0.008;29;0.3635;0.873;0.444;8.202;0.06;19;29;29.3;2;0.003560235
CN2;-0.08;2013;WINTER;44.21;12/02/2013;28;3;3.6;5.4;0.018;13.5;0.2005;0.932;0.188;3.968;0.026;20;27;28.2;3;0.003855769
CN2;-0.08;2013;SPRING;56.744;11/05/2013;29;3;2.1;4.6;0.019;32;0.1102;0.431;0.288;11.558;0.033;19;32;34.3;2;0.001751987
CN3;-0.5;2006;WINTER;43.916;14/02/2006;4;3;0.4;0.8;0.008;29;0.0525;NA;NA;NA;NA;36;29;23.9;2;0.000822884
CN3;-0.5;2006;SPRING;60.412;10/05/2006;5;3;11;3.6;0.017;14;0.6379;NA;NA;NA;NA;34;28;121.2;3;0.002325556
CN3;-0.5;2006;SUMMER;72.76;12/07/2006;6;3;19.5;10.3;0.026;7.8;0.7499;6.513;0.174;4.178;0.395;39;31;190.7;7;0.00255764
CN3;-0.5;2006;FALL;57.373;23/10/2006;7;3;0.5;0.7;0.016;28;0.0312;NA;NA;NA;NA;32;28;66;2;0.000195611
CN3;-0.5;2007;WINTER;44.395;04/02/2007;8;3;1.2;7;0.008;29;0.1545;NA;NA;NA;NA;35;29;17;2;0.003511364
CN3;-0.5;2007;SPRING;57.63;02/05/2007;9;3;4.3;5.1;0.015;30;0.2851;0.734;0.283;0.516;0.227;35;30;71.5;2;0.002014841
CN3;-0.5;2007;SUMMER;69.567;30/06/2007;10;3;6.6;3.9;0.018;10.7;0.3696;1.719;0.109;0.605;0.248;38;32;93.9;4;0.002170288
CN3;-0.5;2007;FALL;55.583;14/10/2007;11;3;5.4;11.2;0.01;33;0.5382;1.081;0.935;3;0.074;34;33;41;1;0.00437561
CN3;-0.5;2008;WINTER;48.163;24/01/2008;12;3;3.7;1.9;0.024;14;0.1532;0.166;0.229;0.5;0.026;37;28;41.4;3;0.002482982
CN3;-0.5;2008;SPRING;57.199;29/04/2008;13;3;3.1;4;0.016;29;0.1936;1.136;1.022;0.46;0.411;33;29;51.5;2;0.001885102
CN3;-0.5;2008;SUMMER;68.568;16/07/2008;14;3;23.2;15.1;0.026;13;0.905;0.859;0.468;0.23;0.237;29;26;171.5;3;0.003181189
CN3;-0.5;2008;FALL;50.031;29/10/2008;15;3;1.9;9.8;0.005;NA;0.4074;1.525;0.956;6.323;0.026;38;29;14;1;0.00360531
CN3;-0.5;2009;WINTER;43.268;10/02/2009;16;3;1.3;1.4;0.01;28;0.1294;0.804;1.163;16.162;0.111;31;28;16.7;2;0.002357013
CN3;-0.5;2009;SPRING;58.691;09/05/2009;17;3;4.5;1.2;0.01;31;0.4321;1.663;0.815;0.867;0.026;31;31;71.6;3;0.002277807
CN3;-0.5;2009;SUMMER;70.875;08/07/2009;18;3;15.8;12.8;0.032;7;0.5004;0.166;0.109;0.105;0.026;29;28;190.6;7;0.002319889
CN3;-0.5;2009;FALL;56.643;11/11/2009;19;3;3.9;5.4;0.011;29;0.3643;0.166;0.167;1.637;0.059;30;29;41.5;2;0.002815301
CN3;-0.5;2010;WINTER;48.213;10/02/2010;20;3;1.5;1.6;0.007;44;0.2199;5.737;1.435;24.597;0.026;34;44;25.7;2;0.003012329
CN3;-0.5;2010;SPRING;58.65;30/04/2010;21;3;14.2;6.9;0.02;14.5;0.7071;NA;NA;NA;NA;32;29;128;3;0.002938903
CN3;-0.5;2010;SUMMER;74.023;13/07/2010;22;3;15.1;10.4;0.022;10;0.6744;0.166;0.109;0.105;0.026;29;30;179.8;4;0.002376321
CN3;-0.5;2010;FALL;54.595;24/10/2010;23;3;3.9;5.7;0.009;31;0.4352;1.064;0.315;1.476;0.026;28;31;38.7;2;0.002728527
CN3;-0.5;2011;SUMMER;70.903;01/07/2011;26;3;10.6;7;0.021;14.5;0.4989;0.166;0.109;1.653;0.026;29;29;167.2;3;0.001853269
CN3;-0.5;2011;FALL;55.175;14/10/2011;27;3;4.3;15.8;0.014;28;0.3135;0.707;0.253;2.653;0.085;32;28;33.1;2;0.0034375
CN3;-0.5;2012;WINTER;42.771;07/02/2012;28;3;1.1;0.1;0.005;30;0.2303;0.166;0.109;0.105;0.026;29;30;9.1;2;0.003133333
CN3;-0.5;2012;SPRING;57.003;22/05/2012;29;3;17;5.1;0.026;9.7;0.6542;0.166;0.109;1.944;0.026;29;29;251.1;11;0.001727033
CN3;-0.5;2012;SUMMER;68.57;19/07/2012;30;3;6.4;4.5;0.025;10;0.2574;1.336;0.109;2.419;0.026;31;30;132.6;4;0.001401961
CN3;-0.5;2012;FALL;55.749;01/11/2012;31;3;4.8;13.9;0.011;NA;0.4242;0.873;0.444;8.202;0.06;32;29;18.6;1;0.002659561
CN3;-0.5;2013;SUMMER;74.123;01/08/2013;34;3;8.6;6.5;0.024;14.5;0.3593;NA;NA;NA;NA;33;29;95.6;3;0.002575627
CN1;0.4;2012;WINTER;42.771;07/02/2012;25;2;0.4;NA;0.004;30;0.0939;0.166;0.109;0.105;0.026;12;30;5.2;2;0.002383249
CN1;0.4;2006;WINTER;43.916;14/02/2006;4;2;0.7;0.4;0.008;30;0.0924;NA;NA;NA;NA;2;30;13.8;2;0.002119266
CN1;0.4;2006;SUMMER;72.76;12/07/2006;6;2;4.9;2.8;0.018;14.5;0.2653;6.513;0.174;4.178;0.395;8;29;90.7;3;0.001861754
CN1;0.4;2006;FALL;57.373;23/10/2006;7;2;0.6;1.1;0.014;26;0.0421;NA;NA;NA;NA;4;26;13.5;2;0.001206304
CN1;0.4;2007;WINTER;44.395;04/02/2007;8;2;0.7;0.5;0.013;28;0.0559;NA;NA;NA;NA;3;28;11.3;2;0.001548476
CN1;0.4;2007;SUMMER;69.567;30/06/2007;10;2;8.2;4.3;0.031;9.3;0.266;1.719;0.109;0.605;0.248;4;28;103;4;0.002211139
CN1;0.4;2007;FALL;55.583;14/10/2007;11;2;0.4;2.5;0.003;NA;0.1198;1.081;0.935;3;0.074;11;34;18.5;1;0.002386454
CN1;0.4;2008;WINTER;48.163;24/01/2008;12;2;0.8;2;0.013;30;0.0627;0.166;0.229;0.5;0.026;3;30;14.8;2;0.002339552
CN1;0.4;2008;SPRING;57.199;29/04/2008;13;2;1.8;0.6;0.024;14;0.0762;1.136;1.022;0.46;0.411;13;28;47.7;3;0.001068724
CN1;0.4;2008;FALL;50.031;29/10/2008;15;2;4.8;6.2;0.012;28;0.4029;1.525;0.956;6.323;0.026;23;28;27;2;0.004341595
CN1;0.4;2009;WINTER;43.268;10/02/2009;16;2;1;0.1;0.006;NA;0.1625;0.804;1.163;16.162;0.111;3;30;10.3;1;0.002938517
CN1;0.4;2009;SPRING;58.691;09/05/2009;17;2;2.1;0.4;0.02;10.7;0.103;1.663;0.815;0.867;0.026;8;32;55.2;4;0.001229117
CN1;0.4;2009;SUMMER;70.875;08/07/2009;18;2;9.3;3.1;0.021;14;0.4534;0.166;0.109;0.105;0.026;3;28;114;3;0.00230973
CN1;0.4;2009;FALL;56.643;11/11/2009;19;2;1.1;2.4;0.016;30;0.0674;0.166;0.167;1.637;0.059;6;30;14.6;2;0.00197076
CN1;0.4;2010;SPRING;58.65;30/04/2010;20;2;4.6;0.3;0.023;14.5;0.2007;NA;NA;NA;NA;7;29;59;3;0.002115304
CN1;0.4;2010;FALL;54.595;24/10/2010;21;2;0.4;1;0.014;15.5;0.0281;1.064;0.315;1.476;0.026;13;31;15.2;3;0.001056391
CN1;0.4;2011;SUMMER;70.903;01/07/2011;23;2;3.4;2.3;0.029;7.3;0.1167;0.166;0.109;1.653;0.026;12;29;84.2;5;0.001162351
CN1;0.4;2011;FALL;55.175;14/10/2011;24;2;0.6;1.2;0.018;28;0.0336;0.707;0.253;2.653;0.085;7;28;10.1;2;0.000891247
CN1;0.4;2012;WINTER;42.771;07/02/2012;25;2;0.2;0.3;0.009;30;0.0215;0.166;0.109;0.105;0.026;2;30;6.2;2;0.001207865
CN1;0.4;2012;SPRING;57.003;22/05/2012;26;2;1.5;0.8;0.03;7.3;0.0506;0.166;0.109;1.944;0.026;3;29;40.7;5;0.001028455
CN1;0.4;2012;SUMMER;68.57;19/07/2012;27;2;4.3;4.8;0.027;7.3;0.1564;1.336;0.109;2.419;0.026;2;29;101.8;5;0.001421818
CN1;0.4;2012;FALL;55.749;01/11/2012;28;2;0.6;3.3;0.008;29;0.0767;0.873;0.444;8.202;0.06;4;29;10.6;2;0.002617747
CN1;0.4;2013;WINTER;44.21;12/02/2013;29;2;0.5;0.7;0.015;27;0.0324;0.932;0.188;3.968;0.026;9;27;6.9;2;0.001306452
CN1;0.4;2013;SPRING;56.744;11/05/2013;30;2;1;1;0.026;16;0.0386;0.431;0.288;11.558;0.033;4;32;30.2;3;0.001069252
CN1;0.4;2014;SPRING;60.534;13/05/2014;32;2;3.3;2;0.028;10;0.1197;0.166;0.251;0.105;0.026;15;30;69.8;4;0.001475956
CN1;0.4;2014;FALL;57.609;23/10/2014;33;2;0.6;1.8;0.017;29;0.0347;4.573;0.569;3.919;0.026;2;29;20.5;2;0.001042466
CN2;-0.08;2006;WINTER;43.916;14/02/2006;3;2;0.9;3.5;0.01;28;0.0909;NA;NA;NA;NA;22;28;27.2;2;0.001782353
CN2;-0.08;2006;SPRING;60.412;10/05/2006;4;2;5.1;1.3;0.025;9.7;0.2078;NA;NA;NA;NA;23;29;102;4;0.001445063
CN2;-0.08;2006;SUMMER;72.76;12/07/2006;5;2;6.2;8;0.015;15;0.4178;6.513;0.174;4.178;0.395;22;30;61.8;2;0.002248654
CN2;-0.08;2006;FALL;57.373;23/10/2006;6;2;6.8;13.7;0.011;28;0.62;NA;NA;NA;NA;19;28;45;2;0.005391304
CN2;-0.08;2007;WINTER;44.395;04/02/2007;7;2;2.5;0;0.01;32;0.2596;NA;NA;NA;NA;25;32;28;2;0.002803456
CN2;-0.08;2007;SPRING;57.63;02/05/2007;8;2;6.6;5.7;0.019;14;0.3415;0.734;0.283;0.516;0.227;22;28;118;3;0.001742347
CN2;-0.08;2007;SUMMER;69.567;30/06/2007;9;2;9.8;8.5;0.019;15.5;0.5188;1.719;0.109;0.605;0.248;25;31;132.5;3;0.002275439
CN2;-0.08;2007;FALL;55.583;14/10/2007;10;2;9.2;13.6;0.015;15;0.6195;1.081;0.935;3;0.074;23;30;81.8;3;0.003155884
CN2;-0.08;2008;WINTER;48.163;24/01/2008;11;2;2;0.1;0.011;29;0.1868;0.166;0.229;0.5;0.026;22;29;26.6;2;0.00222381
CN2;-0.08;2008;SPRING;57.199;29/04/2008;12;2;1.4;1.2;0.013;28;0.1078;1.136;1.022;0.46;0.411;17;28;34.1;2;0.001184615
CN2;-0.08;2008;SUMMER;68.568;16/07/2008;13;2;7.6;6.5;0.022;13.5;0.3528;0.859;0.468;0.23;0.237;19;27;111.5;3;0.002033429
CN2;-0.08;2008;FALL;50.031;29/10/2008;14;2;3.3;7.2;0.008;28;0.3978;1.525;0.956;6.323;0.026;5;28;20.5;2;0.00414375
CN2;-0.08;2009;WINTER;43.268;10/02/2009;15;2;0.8;1.9;0.008;NA;0.0983;0.804;1.163;16.162;0.111;21;29;10.8;1;0.002415233
CN2;-0.08;2009;SPRING;58.691;09/05/2009;16;2;7.1;6.4;0.019;14;0.3691;1.663;0.815;0.867;0.026;18;28;88.4;3;0.002220818
CN2;-0.08;2009;SUMMER;70.875;08/07/2009;17;2;9.6;10.6;0.022;13;0.4425;0.166;0.109;0.105;0.026;19;26;104.8;3;0.002303488
CN2;-0.08;2009;FALL;56.643;11/11/2009;18;2;3.5;5.1;0.014;28;0.2557;0.166;0.167;1.637;0.059;17;28;29.4;2;0.00315679
CN2;-0.08;2010;WINTER;48.213;10/02/2010;19;2;1.2;2.3;0.014;28;0.0886;5.737;1.435;24.597;0.026;17;28;15.7;2;0.002260204
CN2;-0.08;2010;SPRING;58.65;30/04/2010;20;2;0.6;2.3;0.004;NA;0.1334;NA;NA;NA;NA;17;29;4.3;1;0.002750515
CN2;-0.08;2011;WINTER;47.553;04/02/2011;22;2;2.6;0.3;0.008;28;0.3261;0.166;0.525;11.694;0.026;20;28;23.6;2;0.002919427
CN2;-0.08;2011;SUMMER;70.903;01/07/2011;23;2;2.6;3.1;0.014;29;0.1851;0.166;0.109;1.653;0.026;18;29;33.6;2;0.001841692
CN2;-0.08;2012;WINTER;42.771;07/02/2012;24;2;1;1.4;0.012;10;0.0806;0.166;0.109;0.105;0.026;25;30;14;4;0.0019375
CN2;-0.08;2012;SPRING;57.003;22/05/2012;25;2;1.2;0.8;0.027;14.5;0.0452;0.166;0.109;1.944;0.026;21;29;31.6;3;0.001018018
CN2;-0.08;2012;SUMMER;68.57;19/07/2012;26;2;5.6;7.9;0.017;14.5;0.327;1.336;0.109;2.419;0.026;18;29;61.3;3;0.002381631
CN2;-0.08;2012;FALL;55.749;01/11/2012;27;2;2.6;4;0.009;29;0.2991;0.873;0.444;8.202;0.06;18;29;31.1;2;0.002668153
CN2;-0.08;2013;WINTER;44.21;12/02/2013;28;2;4.5;1.1;0.015;28;0.2977;0.932;0.188;3.968;0.026;19;28;28.4;2;0.003107516
CN2;-0.08;2013;SPRING;56.744;11/05/2013;29;2;3.3;5.9;0.019;16;0.1741;0.431;0.288;11.558;0.033;18;32;56.3;3;0.001900655
CN3;-0.5;2006;WINTER;43.916;14/02/2006;4;2;0.9;0.6;0.011;29;0.0791;NA;NA;NA;NA;34;29;23.4;2;0.00242638
CN3;-0.5;2006;SPRING;60.412;10/05/2006;5;2;9.9;3.1;0.019;14;0.5258;NA;NA;NA;NA;32;28;88.2;3;0.002262478
CN3;-0.5;2006;SUMMER;72.76;12/07/2006;6;2;10.9;9.7;0.026;10.3;0.4253;6.513;0.174;4.178;0.395;36;31;124.2;5;0.002052606
CN3;-0.5;2006;FALL;57.373;23/10/2006;7;2;4.7;4.9;0.015;28;0.312;NA;NA;NA;NA;31;28;64.5;2;0.002086957
CN3;-0.5;2007;WINTER;44.395;04/02/2007;8;2;2;4.4;0.006;NA;0.3232;NA;NA;NA;NA;34;29;14.5;1;0.004684058
CN3;-0.5;2007;SPRING;57.63;02/05/2007;9;2;0.8;3.7;0.004;30;0.2152;0.734;0.283;0.516;0.227;33;30;22;2;0.001956364
CN3;-0.5;2007;SUMMER;69.567;30/06/2007;10;2;8.2;8.1;0.026;16;0.3128;1.719;0.109;0.605;0.248;37;32;97.7;3;0.002455259
CN3;-0.5;2007;FALL;55.583;14/10/2007;11;2;10.2;8.6;0.014;16.5;0.7136;1.081;0.935;3;0.074;32;33;115;3;0.003236281
CN3;-0.5;2008;WINTER;48.163;24/01/2008;12;2;7.6;4.9;0.025;14;0.2983;0.166;0.229;0.5;0.026;33;28;60.7;3;0.003542755
CN3;-0.5;2008;SPRING;57.199;29/04/2008;13;2;4.2;3;0.014;NA;0.298;1.136;1.022;0.46;0.411;30;29;42.4;4;0.001870684
CN3;-0.5;2008;SUMMER;68.568;16/07/2008;14;2;12;11.8;0.02;13;0.5947;0.859;0.468;0.23;0.237;28;26;150.3;3;0.002080098
CN3;-0.5;2008;FALL;50.031;29/10/2008;15;2;3.9;11.1;0.01;29;0.3994;1.525;0.956;6.323;0.026;36;29;49;2;0.003342259
CN3;-0.5;2009;WINTER;43.268;10/02/2009;16;2;1.1;0.4;0.006;NA;0.198;0.804;1.163;16.162;0.111;30;28;10.2;1;0.003384615
CN3;-0.5;2009;SPRING;58.691;09/05/2009;17;2;4.4;4.5;0.015;15.5;0.2917;1.663;0.815;0.867;0.026;30;31;77.7;3;0.002110709
CN3;-0.5;2009;SUMMER;70.875;08/07/2009;18;2;11.7;7.7;0.025;14;0.4694;0.166;0.109;0.105;0.026;28;28;129.7;3;0.002203756
CN3;-0.5;2009;FALL;56.643;11/11/2009;19;2;4.5;7;0.013;29;0.3588;0.166;0.167;1.637;0.059;27;29;45.3;2;0.002900566
CN3;-0.5;2010;WINTER;48.213;10/02/2010;20;2;2.9;3.8;0.013;22;0.2222;5.737;1.435;24.597;0.026;33;44;43.9;3;0.003023129
CN3;-0.5;2010;SPRING;58.65;30/04/2010;21;2;9;3.7;0.019;9.7;0.4774;NA;NA;NA;NA;31;29;70.8;4;0.002180905
CN3;-0.5;2010;SUMMER;74.023;13/07/2010;22;2;17.9;9.4;0.022;10;0.8065;0.166;0.109;0.105;0.026;22;30;231.4;4;0.002321531
CN3;-0.5;2010;FALL;54.595;24/10/2010;23;2;7.6;13.5;0.012;15.5;0.626;1.064;0.315;1.476;0.026;27;31;71.4;3;0.003164813
CN3;-0.5;2011;SUMMER;70.903;01/07/2011;26;2;16.3;14.6;0.021;9.7;0.7922;0.166;0.109;1.653;0.026;27;29;202.4;4;0.00248183
CN3;-0.5;2011;FALL;55.175;14/10/2011;27;2;4.1;12.2;0.012;28;0.3335;0.707;0.253;2.653;0.085;28;28;40.9;2;0.002477712
CN3;-0.5;2012;WINTER;42.771;07/02/2012;28;2;1.5;NA;0.015;30;0.1;0.166;0.109;0.105;0.026;28;30;18.6;2;0.002695418
CN3;-0.5;2012;SPRING;57.003;22/05/2012;29;2;13.6;3.5;0.019;14.5;0.7201;0.166;0.109;1.944;0.026;27;29;149.7;3;0.002401935
CN3;-0.5;2012;SUMMER;68.57;19/07/2012;30;2;6.2;4.8;0.022;10;0.2836;1.336;0.109;2.419;0.026;30;30;113.8;4;0.001707405
CN3;-0.5;2012;FALL;55.749;01/11/2012;31;2;3.1;9.1;0.011;NA;0.294;0.873;0.444;8.202;0.06;27;29;24.2;1;0.003828125
CN3;-0.5;2013;SPRING;56.744;11/05/2013;33;2;2.7;2.7;0.016;16;0.1653;0.431;0.288;11.558;0.033;29;32;87;3;0.001229911
CN3;-0.5;2013;SUMMER;74.123;01/08/2013;34;2;10.7;5.8;0.019;14.5;0.5528;NA;NA;NA;NA;32;29;127.5;3;0.002272092
CN1;0.4;2012;WINTER;42.771;07/02/2012;25;1;0.1;0.2;0.005;30;0.0185;0.166;0.109;0.105;0.026;11;30;3.1;2;0.001057143
CN1;0.4;2012;FALL;55.749;01/11/2012;28;1;0.5;2.7;0.01;29;0.049;0.873;0.444;8.202;0.06;15;29;12.4;2;0.001794872
CN1;0.4;2012;WINTER;42.771;07/02/2012;25;1;0.2;0.4;0.014;30;0.0145;0.166;0.109;0.105;0.026;10;30;4.9;2;0.001074074
CN1;0.4;2012;SUMMER;68.57;19/07/2012;27;1;7.9;3.9;0.033;5.5;0.2396;1.336;0.109;2.419;0.026;15;11;60.8;3;0.001444244
CN1;0.4;2012;FALL;55.749;01/11/2012;28;1;1.1;2.8;0.011;29;0.1;0.873;0.444;8.202;0.06;14;29;7.5;1;0.002398082
CN2;-0.08;2007;SPRING;57.63;02/05/2007;8;1;3.4;2.7;0.011;14;0.3112;0.734;0.283;0.516;0.227;30;28;61.5;4;0.001783381
CN1;0.4;2006;WINTER;43.916;14/02/2006;4;1;0.7;0;0.008;30;0.0921;NA;NA;NA;NA;1;30;10.7;4;0.0024047
CN1;0.4;2006;SPRING;60.412;10/05/2006;5;1;2.6;0.6;0.023;10;0.1123;NA;NA;NA;NA;5;30;69.5;3;0.001039815
CN1;0.4;2006;SUMMER;72.76;12/07/2006;6;1;5.2;2.2;0.022;7.3;0.2367;6.513;0.174;4.178;0.395;5;29;79;4;0.001813793
CN1;0.4;2006;FALL;57.373;23/10/2006;7;1;1.1;1.4;0.015;26;0.0724;NA;NA;NA;NA;3;26;18.8;2;0.001563715
CN1;0.4;2007;WINTER;44.395;04/02/2007;8;1;0.6;1;0.018;28;0.0331;NA;NA;NA;NA;1;28;11.5;2;0.001891429
CN1;0.4;2007;SPRING;57.63;02/05/2007;9;1;1.9;1.7;0.016;31;0.1193;0.734;0.283;0.516;0.227;1;31;32.5;2;0.001519745
CN1;0.4;2007;SUMMER;69.567;30/06/2007;10;1;4.2;2.5;0.029;9.3;0.1429;1.719;0.109;0.605;0.248;1;28;89.2;4;0.001307411
CN1;0.4;2007;FALL;55.583;14/10/2007;11;1;0.3;2;0.003;34;0.0892;1.081;0.935;3;0.074;9;34;13.5;2;0.00196044
CN1;0.4;2008;WINTER;48.163;24/01/2008;12;1;1.4;1.8;0.017;30;0.0832;0.166;0.229;0.5;0.026;2;30;17.8;2;0.002498498
CN1;0.4;2008;SPRING;57.199;29/04/2008;13;1;1.6;0.5;0.024;14;0.0666;1.136;1.022;0.46;0.411;11;28;38.4;3;0.001058824
CN1;0.4;2008;SUMMER;68.568;16/07/2008;14;1;3.6;2.3;0.027;14;0.1317;0.859;0.468;0.23;0.237;15;28;68.3;3;0.001590527
CN1;0.4;2008;FALL;50.031;29/10/2008;15;1;1.1;4.3;0.018;30;0.0612;1.525;0.956;6.323;0.026;21;30;19.8;2;0.001810651
CN1;0.4;2009;WINTER;43.268;10/02/2009;16;1;1.1;1.6;0.013;30;0.0836;0.804;1.163;16.162;0.111;2;30;12.5;2;0.002833898
CN1;0.4;2009;SPRING;58.691;09/05/2009;17;1;3.3;2;0.025;10.7;0.132;1.663;0.815;0.867;0.026;2;32;81.3;4;0.001479821
CN1;0.4;2009;SUMMER;70.875;08/07/2009;18;1;7.1;4.4;0.022;14;0.3282;0.166;0.109;0.105;0.026;1;28;63.4;3;0.002127025
CN1;0.4;2009;FALL;56.643;11/11/2009;19;1;0.3;1.3;0.014;30;0.0207;0.166;0.167;1.637;0.059;5;30;11.8;2;0.001224852
CN1;0.4;2010;SPRING;58.65;30/04/2010;20;1;4;1.7;0.025;14.5;0.1573;NA;NA;NA;NA;4;29;55.1;3;0.001877088
CN1;0.4;2010;FALL;54.595;24/10/2010;21;1;0.6;1.2;0.017;31;0.0352;1.064;0.315;1.476;0.026;4;31;6.5;2;0.001103448
CN1;0.4;2011;WINTER;47.553;04/02/2011;22;1;0.7;1.3;0.01;NA;0.0731;0.166;0.525;11.694;0.026;4;28;4;1;0.002208459
CN1;0.4;2011;SUMMER;70.903;01/07/2011;23;1;1.6;0.4;0.021;14.5;0.0768;0.166;0.109;1.653;0.026;8;29;55.4;5;0.000718428
CN1;0.4;2011;FALL;55.175;14/10/2011;24;1;0.5;1.6;0.019;28;0.0268;0.707;0.253;2.653;0.085;2;28;16.1;2;0.000981685
CN1;0.4;2012;WINTER;42.771;07/02/2012;25;1;NA;0.3;NA;NA;0.0144;0.166;0.109;0.105;0.026;1;30;1.6;1;0.001190083
CN1;0.4;2012;SPRING;57.003;22/05/2012;26;1;1.9;0.3;0.03;9.7;0.0633;0.166;0.109;1.944;0.026;2;29;106.7;4;0.000512551
CN1;0.4;2012;SUMMER;68.57;19/07/2012;27;1;2.7;2;0.037;5.5;0.0726;1.336;0.109;2.419;0.026;1;11;26.8;3;0.000997253
CN1;0.4;2012;FALL;55.749;01/11/2012;28;1;1.3;6.6;0.012;29;0.1065;0.873;0.444;8.202;0.06;1;29;23.1;2;0.002104743
CN1;0.4;2013;WINTER;44.21;12/02/2013;29;1;0.5;2.1;0.007;27;0.0706;0.932;0.188;3.968;0.026;6;27;8.4;2;0.002869919
CN1;0.4;2013;SPRING;56.744;11/05/2013;30;1;2.9;2;0.025;10.7;0.1156;0.431;0.288;11.558;0.033;1;32;64.9;5;0.001497488
CN1;0.4;2013;FALL;56.863;12/11/2013;31;1;0.8;3.1;0.01;43;0.0775;1.635;0.109;0.279;0.026;3;43;17.4;2;0.001997814
CN1;0.4;2014;SPRING;60.534;13/05/2014;32;1;4;0.7;0.029;6;0.1387;0.166;0.251;0.105;0.026;1;30;102.2;6;0.001212413
CN1;0.4;2014;FALL;57.609;23/10/2014;33;1;0.4;1;0.019;29;0.0216;4.573;0.569;3.919;0.026;1;29;4.5;1;0.000920398
CN2;-0.08;2006;WINTER;43.916;14/02/2006;3;1;2.1;5.6;0.017;28;0.1202;NA;NA;NA;NA;21;28;14.6;1;0.003993355
CN2;-0.08;2006;SPRING;60.412;10/05/2006;4;1;5;3.1;0.023;14.5;0.2129;NA;NA;NA;NA;22;29;89.5;3;0.001588806
CN2;-0.08;2006;SUMMER;72.76;12/07/2006;5;1;9.8;6.7;0.02;15;0.4966;6.513;0.174;4.178;0.395;21;30;150.4;3;0.002007276
CN2;-0.08;2006;FALL;57.373;23/10/2006;6;1;2.1;4.6;0.009;28;0.2437;NA;NA;NA;NA;18;28;41.5;2;0.001698258
CN2;-0.08;2007;WINTER;44.395;04/02/2007;7;1;3.2;NA;0.01;32;0.3231;NA;NA;NA;NA;23;32;30.5;2;0.003330928
CN2;-0.08;2007;SPRING;57.63;02/05/2007;8;1;6;5.1;0.016;14;0.3667;0.734;0.283;0.516;0.227;21;28;96.4;3;0.002246936
CN2;-0.08;2007;SUMMER;69.567;30/06/2007;9;1;7.5;6;0.023;10.3;0.3257;1.719;0.109;0.605;0.248;24;31;123;4;0.001915882
CN2;-0.08;2007;FALL;55.583;14/10/2007;10;1;7.1;7.4;0.019;30;0.379;1.081;0.935;3;0.074;22;30;73;2;0.001927772
CN2;-0.08;2008;WINTER;48.163;24/01/2008;11;1;2.4;4.3;0.016;29;0.1516;0.166;0.229;0.5;0.026;21;29;30.2;2;0.002365055
CN2;-0.08;2008;SPRING;57.199;29/04/2008;12;1;9.8;1.6;0.02;14;0.497;1.136;1.022;0.46;0.411;16;28;64.1;3;0.002586988
CN2;-0.08;2008;SUMMER;68.568;16/07/2008;13;1;6.2;3.7;0.02;13.5;0.3128;0.859;0.468;0.23;0.237;18;27;95.8;3;0.001809138
CN2;-0.08;2008;FALL;50.031;29/10/2008;14;1;3;7.5;0.006;NA;0.5083;1.525;0.956;6.323;0.026;1;28;7;1;0.002718182
CN2;-0.08;2009;WINTER;43.268;10/02/2009;15;1;1.1;0.5;0.008;NA;0.1354;0.804;1.163;16.162;0.111;19;29;12.6;1;0.002886994
CN2;-0.08;2009;SPRING;58.691;09/05/2009;16;1;3.3;2.7;0.017;14;0.1994;1.663;0.815;0.867;0.026;16;28;44.5;3;0.001960669
CN2;-0.08;2009;SUMMER;70.875;08/07/2009;17;1;10.5;13.2;0.022;13;0.4694;0.166;0.109;0.105;0.026;17;26;120.3;3;0.002357609
CN2;-0.08;2009;FALL;56.643;11/11/2009;18;1;3.6;7;0.011;28;0.3423;0.166;0.167;1.637;0.059;16;28;30.1;2;0.003565625
CN2;-0.08;2010;WINTER;48.213;10/02/2010;19;1;0.8;0.2;0.008;28;0.1003;5.737;1.435;24.597;0.026;16;28;3.3;1;0.001932563
CN2;-0.08;2010;SPRING;58.65;30/04/2010;20;1;14;5.2;0.025;9.7;0.5527;NA;NA;NA;NA;16;29;122;3;0.002805584
CN2;-0.08;2010;FALL;54.595;24/10/2010;21;1;3.7;7.4;0.015;31;0.2513;1.064;0.315;1.476;0.026;22;31;35.1;2;0.003276402
CN2;-0.08;2011;WINTER;47.553;04/02/2011;22;1;2.1;1.1;0.01;28;0.2102;0.166;0.525;11.694;0.026;17;28;17.9;2;0.003123328
CN2;-0.08;2011;SUMMER;70.903;01/07/2011;23;1;5.5;4.2;0.021;9.7;0.2567;0.166;0.109;1.653;0.026;16;29;77.5;4;0.002005469
CN2;-0.08;2012;WINTER;42.771;07/02/2012;24;1;0.4;NA;0.006;30;0.0701;0.166;0.109;0.105;0.026;18;30;6;2;0.001941828
CN2;-0.08;2012;SPRING;57.003;22/05/2012;25;1;2.4;0.5;0.021;14.5;0.1164;0.166;0.109;1.944;0.026;16;29;48.4;3;0.001262473
CN2;-0.08;2012;SUMMER;68.57;19/07/2012;26;1;7.5;4.2;0.018;14.5;0.4191;1.336;0.109;2.419;0.026;16;29;110.8;3;0.00181115
CN2;-0.08;2012;FALL;55.749;01/11/2012;27;1;1.6;8.8;0.005;NA;0.3549;0.873;0.444;8.202;0.06;16;29;16;1;0.003795722
CN2;-0.08;2013;WINTER;44.21;12/02/2013;28;1;1.6;NA;0.01;27;0.1559;0.932;0.188;3.968;0.026;17;27;17.1;2;0.003194672
CN2;-0.08;2013;SPRING;56.744;11/05/2013;29;1;10.3;2.5;0.022;10.7;0.4714;0.431;0.288;11.558;0.033;17;32;177.6;4;0.001803366
CN3;-0.5;2006;WINTER;43.916;14/02/2006;4;1;1.5;4.6;0.017;14.5;0.086;NA;NA;NA;NA;31;29;18.7;2;0.002356164
CN3;-0.5;2006;SPRING;60.412;10/05/2006;5;1;11.3;3;0.018;14;0.6223;NA;NA;NA;NA;31;28;135.5;3;0.002091765
CN3;-0.5;2006;SUMMER;72.76;12/07/2006;6;1;7;7.5;0.012;15.5;0.6015;6.513;0.174;4.178;0.395;35;31;113;5;0.002207339
CN3;-0.5;2006;FALL;57.373;23/10/2006;7;1;2;4.1;0.011;28;0.1903;NA;NA;NA;NA;28;28;11.5;2;0.001714414
CN3;-0.5;2007;WINTER;44.395;04/02/2007;8;1;4.5;7.7;0.016;29;0.2773;NA;NA;NA;NA;33;29;33;2;0.003747297
CN3;-0.5;2007;SPRING;57.63;02/05/2007;9;1;0.7;2.4;0.005;NA;0.1343;0.734;0.283;0.516;0.227;31;30;20.5;1;0.001744156
CN3;-0.5;2007;SUMMER;69.567;30/06/2007;10;1;9.6;8.1;0.025;10.7;0.39;1.719;0.109;0.605;0.248;35;32;154.3;4;0.001987768
CN3;-0.5;2007;FALL;55.583;14/10/2007;11;1;6.2;12.2;0.018;16.5;0.3444;1.081;0.935;3;0.074;31;33;64.5;2;0.002918644
CN3;-0.5;2008;WINTER;48.163;24/01/2008;12;1;5.9;8.4;0.016;14;0.3652;0.166;0.229;0.5;0.026;32;28;35.3;3;0.005114846
CN3;-0.5;2008;SPRING;57.199;29/04/2008;13;1;10.4;0.1;0.017;9.7;0.5946;1.136;1.022;0.46;0.411;28;29;123;4;0.002504634
CN3;-0.5;2008;SUMMER;68.568;16/07/2008;14;1;7.5;7;0.021;13;0.3547;0.859;0.468;0.23;0.237;26;26;115.4;3;0.001693079
CN3;-0.5;2008;FALL;50.031;29/10/2008;15;1;5.8;8.6;0.013;29;0.4539;1.525;0.956;6.323;0.026;32;29;56;2;0.003281996
CN3;-0.5;2009;WINTER;43.268;10/02/2009;16;1;3;3.8;0.021;NA;0.1442;0.804;1.163;16.162;0.111;27;28;19.6;2;0.003939891
CN3;-0.5;2009;SPRING;58.691;09/05/2009;17;1;1.5;4.7;0.007;31;0.2071;1.663;0.815;0.867;0.026;27;31;27;2;0.001837622
CN3;-0.5;2009;SUMMER;70.875;08/07/2009;18;1;5.7;6.8;0.026;7;0.2154;0.166;0.109;0.105;0.026;26;28;83.9;5;0.00192838
CN3;-0.5;2009;FALL;56.643;11/11/2009;19;1;6.7;7.2;0.012;29;0.5388;0.166;0.167;1.637;0.059;26;29;70.2;2;0.002843525
CN3;-0.5;2010;WINTER;48.213;10/02/2010;20;1;1.5;0.8;0.007;44;0.2099;5.737;1.435;24.597;0.026;31;44;24.7;2;0.002650253
CN3;-0.5;2010;SPRING;58.65;30/04/2010;21;1;12.2;NA;0.017;9.7;0.7187;NA;NA;NA;NA;27;29;101.5;3;0.002722348
CN3;-0.5;2010;SUMMER;74.023;13/07/2010;22;1;15.8;11.8;0.023;10;0.7005;0.166;0.109;0.105;0.026;21;30;202;4;0.002322613
CN3;-0.5;2010;FALL;54.595;24/10/2010;23;1;3.4;18;0.009;31;0.3678;1.064;0.315;1.476;0.026;26;31;32;2;0.003157082
CN3;-0.5;2011;WINTER;47.553;04/02/2011;24;1;2.5;0.3;0.009;28;0.2641;0.166;0.525;11.694;0.026;30;28;27.8;2;0.002596853
CN3;-0.5;2011;SPRING;61.123;26/05/2011;25;1;5.2;3.1;0.022;8.6;0.239;1.566;0.312;1.682;0.026;26;43;239.2;9;0.000931942
CN3;-0.5;2011;SUMMER;70.903;01/07/2011;26;1;16.1;10.2;0.023;14.5;0.6971;0.166;0.109;1.653;0.026;26;29;132;3;0.002386511
CN3;-0.5;2011;FALL;55.175;14/10/2011;27;1;2.8;10.3;0.018;28;0.1599;0.707;0.253;2.653;0.085;27;28;22.9;2;0.001776667
CN3;-0.5;2012;WINTER;42.771;07/02/2012;28;1;1;NA;0.016;30;0.0607;0.166;0.109;0.105;0.026;27;30;20.9;2;0.00198366
CN3;-0.5;2012;SPRING;57.003;22/05/2012;29;1;9.8;7.2;0.028;9.7;0.3451;0.166;0.109;1.944;0.026;26;29;112.6;4;0.002076414
CN3;-0.5;2012;SUMMER;68.57;19/07/2012;30;1;6.7;7.4;0.028;10;0.2393;1.336;0.109;2.419;0.026;28;30;124.6;4;0.001632333
CN3;-0.5;2012;FALL;55.749;01/11/2012;31;1;3.6;15.5;0.01;NA;0.3599;0.873;0.444;8.202;0.06;26;29;29.2;1;0.003691282
CN3;-0.5;2013;WINTER;44.21;12/02/2013;32;1;2.5;NA;0.007;NA;0.3711;0.932;0.188;3.968;0.026;29;28;16.3;1;0.003947872
CN3;-0.5;2013;SPRING;56.744;11/05/2013;33;1;8.3;2.7;0.02;16;0.4174;0.431;0.288;11.558;0.033;27;32;138.4;3;0.001852641
CN3;-0.5;2013;SUMMER;74.123;01/08/2013;34;1;1.7;8.5;0.005;29;0.3473;NA;NA;NA;NA;30;29;32.4;2;0.002513025