SITE;ELEVATION;R.replicates;SEASON;YEAR;SST.C;S.date;t.unit;L.DW;BG.DW;dens.TOT;SDW;NH4.uM.mean;NO2.uM.mean;NO3.uM.mean;PO4.uM.mean;Ntot.uM.mean
CN1;0.4;1;SPRING;2005;58.932;11/05/2005;1;137.5;730;1400;0.446;NA;NA;NA;NA;NA
CN1;0.4;2;SPRING;2005;58.932;11/05/2005;1;95;490;1075;0.393;NA;NA;NA;NA;NA
CN1;0.4;1;SUMMER;2005;71.613;03/08/2005;2;200.95;475.125;1225;0.964;2.495;0.163;2.5;0.316;5.158
CN1;0.4;2;SUMMER;2005;71.613;03/08/2005;2;189.75;179.25;950;1.498;2.495;0.163;2.5;0.316;5.158
CN1;0.4;3;SUMMER;2005;71.613;03/08/2005;2;NA;NA;900;NA;2.495;0.163;2.5;0.316;5.158
CN1;0.4;4;SUMMER;2005;71.613;03/08/2005;2;NA;NA;350;NA;2.495;0.163;2.5;0.316;5.158
CN1;0.4;5;SUMMER;2005;71.613;03/08/2005;2;243.5;518.5;900;1.562;2.495;0.163;2.5;0.316;5.158
CN1;0.4;6;SUMMER;2005;71.613;03/08/2005;2;147.75;367.5;950;0.92;2.495;0.163;2.5;0.316;5.158
CN1;0.4;1;FALL;2005;53.794;18/11/2005;3;82.1175;117.0825;1200;0.381;3.197;0.725;2.618;0.446;6.54
CN1;0.4;2;FALL;2005;53.794;18/11/2005;3;52.03;98.8075;550;0.648;3.197;0.725;2.618;0.446;6.54
CN1;0.4;3;FALL;2005;53.794;18/11/2005;3;89.475;218.485;2050;0.261;3.197;0.725;2.618;0.446;6.54
CN1;0.4;4;FALL;2005;53.794;18/11/2005;3;105.9725;258.2725;1475;0.401;3.197;0.725;2.618;0.446;6.54
CN1;0.4;5;FALL;2005;53.794;18/11/2005;3;60.37;192.095;1525;0.205;3.197;0.725;2.618;0.446;6.54
CN1;0.4;6;FALL;2005;53.794;18/11/2005;3;37.4825;117.835;1125;0.24;3.197;0.725;2.618;0.446;6.54
CN1;0.4;1;WINTER;2006;43.916;14/02/2006;4;34.9925;333.7025;775;0.261;NA;NA;NA;NA;NA
CN1;0.4;2;WINTER;2006;43.916;14/02/2006;4;55.8725;401.0625;950;0.325;NA;NA;NA;NA;NA
CN1;0.4;3;WINTER;2006;43.916;14/02/2006;4;42.9;295.7;1025;0.25;NA;NA;NA;NA;NA
CN1;0.4;4;WINTER;2006;43.916;14/02/2006;4;44.64;404.06;1425;0.208;NA;NA;NA;NA;NA
CN1;0.4;5;WINTER;2006;43.916;14/02/2006;4;60.3425;288.235;1375;0.205;NA;NA;NA;NA;NA
CN1;0.4;6;WINTER;2006;43.916;14/02/2006;4;30.74;235.6;950;0.165;NA;NA;NA;NA;NA
CN1;0.4;1;SPRING;2006;60.412;10/05/2006;5;132.425;387.95;2000;0.419;NA;NA;NA;NA;NA
CN1;0.4;2;SPRING;2006;60.412;10/05/2006;5;55.5;73;825;0.429;NA;NA;NA;NA;NA
CN1;0.4;3;SPRING;2006;60.412;10/05/2006;5;67.5;42.5;1200;0.338;NA;NA;NA;NA;NA
CN1;0.4;4;SPRING;2006;60.412;10/05/2006;5;202.195;147.545;1275;1.159;NA;NA;NA;NA;NA
CN1;0.4;5;SPRING;2006;60.412;10/05/2006;5;135;75;1425;0.847;NA;NA;NA;NA;NA
CN1;0.4;6;SPRING;2006;60.412;10/05/2006;5;237.5;100;1250;1.278;NA;NA;NA;NA;NA
CN1;0.4;1;SUMMER;2006;72.76;12/07/2006;6;105;302.5;1350;0.465;6.513;0.174;4.178;0.395;10.865
CN1;0.4;2;SUMMER;2006;72.76;12/07/2006;6;180;365;2350;0.584;6.513;0.174;4.178;0.395;10.865
CN1;0.4;3;SUMMER;2006;72.76;12/07/2006;6;220;437.5;2125;0.718;6.513;0.174;4.178;0.395;10.865
CN1;0.4;4;SUMMER;2006;72.76;12/07/2006;6;170;222.5;1950;0.64;6.513;0.174;4.178;0.395;10.865
CN1;0.4;5;SUMMER;2006;72.76;12/07/2006;6;162.5;170;1625;0.806;6.513;0.174;4.178;0.395;10.865
CN1;0.4;6;SUMMER;2006;72.76;12/07/2006;6;185;150;1675;0.704;6.513;0.174;4.178;0.395;10.865
CN1;0.4;1;FALL;2006;57.373;23/10/2006;7;105.505;263.02;2350;0.274;NA;NA;NA;NA;NA
CN1;0.4;2;FALL;2006;57.373;23/10/2006;7;69.81;154.1475;1225;0.427;NA;NA;NA;NA;NA
CN1;0.4;3;FALL;2006;57.373;23/10/2006;7;30;261.325;1050;0.171;NA;NA;NA;NA;NA
CN1;0.4;4;FALL;2006;57.373;23/10/2006;7;61.895;342.6075;875;0.442;NA;NA;NA;NA;NA
CN1;0.4;5;FALL;2006;57.373;23/10/2006;7;50;270;1200;0.238;NA;NA;NA;NA;NA
CN1;0.4;6;FALL;2006;57.373;23/10/2006;7;57.5;45;725;0.483;NA;NA;NA;NA;NA
CN1;0.4;1;WINTER;2007;44.395;04/02/2007;8;67.6525;420.25;900;0.597;NA;NA;NA;NA;NA
CN1;0.4;2;WINTER;2007;44.395;04/02/2007;8;56.6675;364.7975;500;0.885;NA;NA;NA;NA;NA
CN1;0.4;3;WINTER;2007;44.395;04/02/2007;8;61;466;975;0.438;NA;NA;NA;NA;NA
CN1;0.4;4;WINTER;2007;44.395;04/02/2007;8;61.25;455.25;850;0.429;NA;NA;NA;NA;NA
CN1;0.4;5;WINTER;2007;44.395;04/02/2007;8;63;236.25;650;0.632;NA;NA;NA;NA;NA
CN1;0.4;6;WINTER;2007;44.395;04/02/2007;8;37.75;425.25;1025;0.201;NA;NA;NA;NA;NA
CN1;0.4;1;SPRING;2007;57.63;02/05/2007;9;52.605;297.3575;2400;0.15;0.734;0.283;0.516;0.227;1.533
CN1;0.4;2;SPRING;2007;57.63;02/05/2007;9;59.7325;388.8775;2150;0.198;0.734;0.283;0.516;0.227;1.533
CN1;0.4;3;SPRING;2007;57.63;02/05/2007;9;84.6575;346.3025;950;0.521;0.734;0.283;0.516;0.227;1.533
CN1;0.4;4;SPRING;2007;57.63;02/05/2007;9;71.3975;349.4425;950;0.501;0.734;0.283;0.516;0.227;1.533
CN1;0.4;5;SPRING;2007;57.63;02/05/2007;9;80.51;354.565;825;0.67;0.734;0.283;0.516;0.227;1.533
CN1;0.4;6;SPRING;2007;57.63;02/05/2007;9;59.61;391.5625;450;1.267;0.734;0.283;0.516;0.227;1.533
CN1;0.4;1;SUMMER;2007;69.567;30/06/2007;10;180.26;408.0475;1300;1.051;1.719;0.109;0.605;0.248;2.433
CN1;0.4;2;SUMMER;2007;69.567;30/06/2007;10;154.875;325.4925;1200;0.675;1.719;0.109;0.605;0.248;2.433
CN1;0.4;3;SUMMER;2007;69.567;30/06/2007;10;72.8875;46.4875;1775;0.287;1.719;0.109;0.605;0.248;2.433
CN1;0.4;4;SUMMER;2007;69.567;30/06/2007;10;169.33;105.3125;1025;1.237;1.719;0.109;0.605;0.248;2.433
CN1;0.4;5;SUMMER;2007;69.567;30/06/2007;10;195.01;441.705;850;1.48;1.719;0.109;0.605;0.248;2.433
CN1;0.4;6;SUMMER;2007;69.567;30/06/2007;10;346.375;472.8325;1100;2.382;1.719;0.109;0.605;0.248;2.433
CN1;0.4;1;FALL;2007;55.583;14/10/2007;11;93.875;348.46;1975;0.375;1.081;0.935;3;0.074;5.016
CN1;0.4;2;FALL;2007;55.583;14/10/2007;11;132.4725;434.76;800;1.234;1.081;0.935;3;0.074;5.016
CN1;0.4;3;FALL;2007;55.583;14/10/2007;11;66.9825;463.6925;1075;0.495;1.081;0.935;3;0.074;5.016
CN1;0.4;4;FALL;2007;55.583;14/10/2007;11;116.6475;168.9325;675;1.217;1.081;0.935;3;0.074;5.016
CN1;0.4;5;FALL;2007;55.583;14/10/2007;11;135.53;636.2625;1400;0.675;1.081;0.935;3;0.074;5.016
CN1;0.4;6;FALL;2007;55.583;14/10/2007;11;66.8;447.57;1250;0.395;1.081;0.935;3;0.074;5.016
CN1;0.4;1;WINTER;2008;48.163;24/01/2008;12;31.25;263;850;0.231;0.166;0.229;0.5;0.026;0.895
CN1;0.4;2;WINTER;2008;48.163;24/01/2008;12;30.5;432.75;800;0.258;0.166;0.229;0.5;0.026;0.895
CN1;0.4;3;WINTER;2008;48.163;24/01/2008;12;18.5;342.5;1325;0.126;0.166;0.229;0.5;0.026;0.895
CN1;0.4;4;WINTER;2008;48.163;24/01/2008;12;43.25;490.5;1350;0.235;0.166;0.229;0.5;0.026;0.895
CN1;0.4;5;WINTER;2008;48.163;24/01/2008;12;28.2575;152.9675;625;0.328;0.166;0.229;0.5;0.026;0.895
CN1;0.4;6;WINTER;2008;48.163;24/01/2008;12;42.43;450.115;1150;0.195;0.166;0.229;0.5;0.026;0.895
CN1;0.4;1;SPRING;2008;57.199;29/04/2008;13;56.2;392.7275;1250;0.288;1.136;1.022;0.46;0.411;2.618
CN1;0.4;2;SPRING;2008;57.199;29/04/2008;13;65.32;446.4225;1550;0.293;1.136;1.022;0.46;0.411;2.618
CN1;0.4;3;SPRING;2008;57.199;29/04/2008;13;42.5;318;1200;0.236;1.136;1.022;0.46;0.411;2.618
CN1;0.4;4;SPRING;2008;57.199;29/04/2008;13;32;298.75;800;0.27;1.136;1.022;0.46;0.411;2.618
CN1;0.4;5;SPRING;2008;57.199;29/04/2008;13;83;407.75;800;0.71;1.136;1.022;0.46;0.411;2.618
CN1;0.4;6;SPRING;2008;57.199;29/04/2008;13;62.325;274.7;675;0.49;1.136;1.022;0.46;0.411;2.618
CN1;0.4;1;SUMMER;2008;68.568;16/07/2008;14;132.5;175;1150;0.798;0.859;0.468;0.23;0.237;1.557
CN1;0.4;2;SUMMER;2008;68.568;16/07/2008;14;88.9675;84.72;750;0.708;0.859;0.468;0.23;0.237;1.557
CN1;0.4;3;SUMMER;2008;68.568;16/07/2008;14;158.8975;242.755;1500;0.787;0.859;0.468;0.23;0.237;1.557
CN1;0.4;4;SUMMER;2008;68.568;16/07/2008;14;161.2575;312.1075;1150;0.971;0.859;0.468;0.23;0.237;1.557
CN1;0.4;5;SUMMER;2008;68.568;16/07/2008;14;303.65;320;1075;1.474;0.859;0.468;0.23;0.237;1.557
CN1;0.4;6;SUMMER;2008;68.568;16/07/2008;14;129.25;334.75;NA;NA;0.859;0.468;0.23;0.237;1.557
CN1;0.4;1;FALL;2008;50.031;29/10/2008;15;87.0725;529.0475;775;0.688;1.525;0.956;6.323;0.026;8.804
CN1;0.4;2;FALL;2008;50.031;29/10/2008;15;99.18;237.325;600;1.178;1.525;0.956;6.323;0.026;8.804
CN1;0.4;3;FALL;2008;50.031;29/10/2008;15;128.33;496.5175;700;1.362;1.525;0.956;6.323;0.026;8.804
CN1;0.4;4;FALL;2008;50.031;29/10/2008;15;71.8225;464.5375;400;0.994;1.525;0.956;6.323;0.026;8.804
CN1;0.4;5;FALL;2008;50.031;29/10/2008;15;63.0725;372.0025;600;0.893;1.525;0.956;6.323;0.026;8.804
CN1;0.4;6;FALL;2008;50.031;29/10/2008;15;71.7875;295.53;425;1.472;1.525;0.956;6.323;0.026;8.804
CN1;0.4;1;WINTER;2009;43.268;10/02/2009;16;41.5525;269.0225;750;0.3;0.804;1.163;16.162;0.111;18.129
CN1;0.4;2;WINTER;2009;43.268;10/02/2009;16;28.0125;616.0275;800;0.248;0.804;1.163;16.162;0.111;18.129
CN1;0.4;3;WINTER;2009;43.268;10/02/2009;16;59.2975;790.07;1075;0.349;0.804;1.163;16.162;0.111;18.129
CN1;0.4;4;WINTER;2009;43.268;10/02/2009;16;63.51;511.55;1500;0.272;0.804;1.163;16.162;0.111;18.129
CN1;0.4;5;WINTER;2009;43.268;10/02/2009;16;33.13;465.745;900;0.232;0.804;1.163;16.162;0.111;18.129
CN1;0.4;6;WINTER;2009;43.268;10/02/2009;16;64.14;296.885;800;0.441;0.804;1.163;16.162;0.111;18.129
CN1;0.4;1;SPRING;2009;58.691;09/05/2009;17;69.91;413.05;750;0.626;1.663;0.815;0.867;0.026;3.345
CN1;0.4;2;SPRING;2009;58.691;09/05/2009;17;103.3575;320.22;1300;0.59;1.663;0.815;0.867;0.026;3.345
CN1;0.4;3;SPRING;2009;58.691;09/05/2009;17;99.77;193.025;1025;0.63;1.663;0.815;0.867;0.026;3.345
CN1;0.4;4;SPRING;2009;58.691;09/05/2009;17;121.545;411.3875;1225;0.512;1.663;0.815;0.867;0.026;3.345
CN1;0.4;5;SPRING;2009;58.691;09/05/2009;17;186.6325;355.775;1425;1.035;1.663;0.815;0.867;0.026;3.345
CN1;0.4;6;SPRING;2009;58.691;09/05/2009;17;231.7875;410.725;1325;1.17;1.663;0.815;0.867;0.026;3.345
CN1;0.4;1;SUMMER;2009;70.875;08/07/2009;18;237.2475;314.85;2225;0.71;0.166;0.109;0.105;0.026;0.38
CN1;0.4;2;SUMMER;2009;70.875;08/07/2009;18;359.625;516.8175;1525;1.714;0.166;0.109;0.105;0.026;0.38
CN1;0.4;3;SUMMER;2009;70.875;08/07/2009;18;279.6125;151.7525;1575;1.196;0.166;0.109;0.105;0.026;0.38
CN1;0.4;4;SUMMER;2009;70.875;08/07/2009;18;131.4875;135.545;1375;0.838;0.166;0.109;0.105;0.026;0.38
CN1;0.4;5;SUMMER;2009;70.875;08/07/2009;18;220.3525;214.0375;1450;1.223;0.166;0.109;0.105;0.026;0.38
CN1;0.4;6;SUMMER;2009;70.875;08/07/2009;18;183.21;306.21;2050;0.662;0.166;0.109;0.105;0.026;0.38
CN1;0.4;1;FALL;2009;56.643;11/11/2009;19;80.015;411.4;1125;0.398;0.166;0.167;1.637;0.059;1.97
CN1;0.4;2;FALL;2009;56.643;11/11/2009;19;2.4175;199.44;650;0.331;0.166;0.167;1.637;0.059;1.97
CN1;0.4;3;FALL;2009;56.643;11/11/2009;19;74.7925;286.7075;775;0.238;0.166;0.167;1.637;0.059;1.97
CN1;0.4;4;FALL;2009;56.643;11/11/2009;19;60.7175;360.795;900;0.398;0.166;0.167;1.637;0.059;1.97
CN1;0.4;5;FALL;2009;56.643;11/11/2009;19;55;305;1100;0.361;0.166;0.167;1.637;0.059;1.97
CN1;0.4;6;FALL;2009;56.643;11/11/2009;19;35.665;254.7925;975;0.234;0.166;0.167;1.637;0.059;1.97
CN1;0.4;1;WINTER;2010;48.213;10/02/2010;20;15.25;191.6325;1250;0.375;5.737;1.435;24.597;0.026;31.769
CN1;0.4;2;WINTER;2010;48.213;10/02/2010;20;1.27;58.845;425;0.102;5.737;1.435;24.597;0.026;31.769
CN1;0.4;3;WINTER;2010;48.213;10/02/2010;20;6.2825;58.1075;400;0.137;5.737;1.435;24.597;0.026;31.769
CN1;0.4;4;WINTER;2010;48.213;10/02/2010;20;35.2975;174.8925;1125;0.138;5.737;1.435;24.597;0.026;31.769
CN1;0.4;5;WINTER;2010;48.213;10/02/2010;20;52.2775;199.1625;575;0.71;5.737;1.435;24.597;0.026;31.769
CN1;0.4;6;WINTER;2010;48.213;10/02/2010;20;31.945;244.395;825;0.274;5.737;1.435;24.597;0.026;31.769
CN1;0.4;1;SPRING;2010;58.65;30/04/2010;21;49.035;374.065;900;0.441;NA;NA;NA;NA;NA
CN1;0.4;2;SPRING;2010;58.65;30/04/2010;21;53.98;613.365;950;0.463;NA;NA;NA;NA;NA
CN1;0.4;3;SPRING;2010;58.65;30/04/2010;21;113.7125;201.9825;1100;0.69;NA;NA;NA;NA;NA
CN1;0.4;4;SPRING;2010;58.65;30/04/2010;21;71.15;311.6625;1200;0.382;NA;NA;NA;NA;NA
CN1;0.4;5;SPRING;2010;58.65;30/04/2010;21;50.3125;181.36;700;0.476;NA;NA;NA;NA;NA
CN1;0.4;6;SPRING;2010;58.65;30/04/2010;21;73.07;172.605;1100;0.444;NA;NA;NA;NA;NA
CN1;0.4;1;SUMMER;2010;74.023;13/07/2010;22;66.16;103.0725;2900;0.15;0.166;0.109;0.105;0.026;0.38
CN1;0.4;2;SUMMER;2010;74.023;13/07/2010;22;104.265;142.4275;1850;0.382;0.166;0.109;0.105;0.026;0.38
CN1;0.4;3;SUMMER;2010;74.023;13/07/2010;22;127.6925;174.1075;1475;0.588;0.166;0.109;0.105;0.026;0.38
CN1;0.4;4;SUMMER;2010;74.023;13/07/2010;22;162.7525;160.09;1875;0.577;0.166;0.109;0.105;0.026;0.38
CN1;0.4;5;SUMMER;2010;74.023;13/07/2010;22;40.8125;152.1025;2600;0.104;0.166;0.109;0.105;0.026;0.38
CN1;0.4;6;SUMMER;2010;74.023;13/07/2010;22;35.4025;178.3775;1175;0.225;0.166;0.109;0.105;0.026;0.38
CN1;0.4;1;FALL;2010;54.595;24/10/2010;23;29.535;84;1225;0.168;1.064;0.315;1.476;0.026;2.855
CN1;0.4;2;FALL;2010;54.595;24/10/2010;23;55.055;240.485;1300;0.298;1.064;0.315;1.476;0.026;2.855
CN1;0.4;3;FALL;2010;54.595;24/10/2010;23;28.88;106.1;725;0.335;1.064;0.315;1.476;0.026;2.855
CN1;0.4;4;FALL;2010;54.595;24/10/2010;23;37.4975;169.915;725;0.342;1.064;0.315;1.476;0.026;2.855
CN1;0.4;5;FALL;2010;54.595;24/10/2010;23;32;270.16;925;0.303;1.064;0.315;1.476;0.026;2.855
CN1;0.4;6;FALL;2010;54.595;24/10/2010;23;31.7925;228.0725;1400;0.146;1.064;0.315;1.476;0.026;2.855
CN1;0.4;1;WINTER;2011;47.553;04/02/2011;24;24.125;301.1;1525;0.092;0.166;0.525;11.694;0.026;12.385
CN1;0.4;2;WINTER;2011;47.553;04/02/2011;24;16.955;206.015;1475;0.082;0.166;0.525;11.694;0.026;12.385
CN1;0.4;3;WINTER;2011;47.553;04/02/2011;24;34.375;385.85;925;0.211;0.166;0.525;11.694;0.026;12.385
CN1;0.4;4;WINTER;2011;47.553;04/02/2011;24;43.65;451.525;1200;0.225;0.166;0.525;11.694;0.026;12.385
CN1;0.4;5;WINTER;2011;47.553;04/02/2011;24;27.095;404.875;1075;0.173;0.166;0.525;11.694;0.026;12.385
CN1;0.4;6;WINTER;2011;47.553;04/02/2011;24;20.4175;356.075;1000;0.154;0.166;0.525;11.694;0.026;12.385
CN1;0.4;1;SPRING;2011;61.123;26/05/2011;25;22.755;41.8425;700;0.238;1.566;0.312;1.682;0.026;3.56
CN1;0.4;2;SPRING;2011;61.123;26/05/2011;25;9.99;8.5625;650;0.146;1.566;0.312;1.682;0.026;3.56
CN1;0.4;3;SPRING;2011;61.123;26/05/2011;25;68.27;146.08;1225;0.365;1.566;0.312;1.682;0.026;3.56
CN1;0.4;4;SPRING;2011;61.123;26/05/2011;25;82.8125;78.535;925;0.476;1.566;0.312;1.682;0.026;3.56
CN1;0.4;5;SPRING;2011;61.123;26/05/2011;25;110.925;79.5025;2125;0.309;1.566;0.312;1.682;0.026;3.56
CN1;0.4;6;SPRING;2011;61.123;26/05/2011;25;41.785;104.6625;875;0.444;1.566;0.312;1.682;0.026;3.56
CN1;0.4;1;SUMMER;2011;70.903;01/07/2011;26;208.7575;258.465;1700;0.811;0.166;0.109;1.653;0.026;1.928
CN1;0.4;2;SUMMER;2011;70.903;01/07/2011;26;163.375;167.57;2150;0.439;0.166;0.109;1.653;0.026;1.928
CN1;0.4;3;SUMMER;2011;70.903;01/07/2011;26;208.7175;280.1675;3200;0.429;0.166;0.109;1.653;0.026;1.928
CN1;0.4;4;SUMMER;2011;70.903;01/07/2011;26;155.59;211.495;1825;0.582;0.166;0.109;1.653;0.026;1.928
CN1;0.4;5;SUMMER;2011;70.903;01/07/2011;26;162.4925;140.045;2250;0.472;0.166;0.109;1.653;0.026;1.928
CN1;0.4;6;SUMMER;2011;70.903;01/07/2011;26;208.94;246.5225;2650;0.589;0.166;0.109;1.653;0.026;1.928
CN1;0.4;1;FALL;2011;55.175;14/10/2011;27;74.285;348.5925;1275;0.368;0.707;0.253;2.653;0.085;3.613
CN1;0.4;2;FALL;2011;55.175;14/10/2011;27;64.735;479.25;1725;0.316;0.707;0.253;2.653;0.085;3.613
CN1;0.4;3;FALL;2011;55.175;14/10/2011;27;50.2825;334.64;1550;0.207;0.707;0.253;2.653;0.085;3.613
CN1;0.4;4;FALL;2011;55.175;14/10/2011;27;61.005;454.9875;1650;0.18;0.707;0.253;2.653;0.085;3.613
CN1;0.4;5;FALL;2011;55.175;14/10/2011;27;31.4225;341.2975;1150;0.229;0.707;0.253;2.653;0.085;3.613
CN1;0.4;6;FALL;2011;55.175;14/10/2011;27;25.1175;129.4625;1525;0.103;0.707;0.253;2.653;0.085;3.613
CN1;0.4;1;WINTER;2012;42.771;07/02/2012;28;32.6775;372.9375;1650;0.116;0.166;0.109;0.105;0.026;0.38
CN1;0.4;2;WINTER;2012;42.771;07/02/2012;28;35.305;335.45;1275;0.141;0.166;0.109;0.105;0.026;0.38
CN1;0.4;3;WINTER;2012;42.771;07/02/2012;28;10.7275;283.3;225;0.138;0.166;0.109;0.105;0.026;0.38
CN1;0.4;4;WINTER;2012;42.771;07/02/2012;28;10.1775;256.3025;800;0.106;0.166;0.109;0.105;0.026;0.38
CN1;0.4;5;WINTER;2012;42.771;07/02/2012;28;31.7;396.7425;1025;0.168;0.166;0.109;0.105;0.026;0.38
CN1;0.4;6;WINTER;2012;42.771;07/02/2012;28;22.8;377.6075;1350;0.087;0.166;0.109;0.105;0.026;0.38
CN1;0.4;1;SPRING;2012;57.003;22/05/2012;29;93.2125;407.1225;1075;0.399;0.166;0.109;1.944;0.026;2.219
CN1;0.4;2;SPRING;2012;57.003;22/05/2012;29;88.1075;325.5775;1175;0.327;0.166;0.109;1.944;0.026;2.219
CN1;0.4;3;SPRING;2012;57.003;22/05/2012;29;26.9275;115.87;400;0.434;0.166;0.109;1.944;0.026;2.219
CN1;0.4;4;SPRING;2012;57.003;22/05/2012;29;26.15;94.6;975;0.188;0.166;0.109;1.944;0.026;2.219
CN1;0.4;5;SPRING;2012;57.003;22/05/2012;29;87.29;331.635;2300;0.248;0.166;0.109;1.944;0.026;2.219
CN1;0.4;6;SPRING;2012;57.003;22/05/2012;29;83.8925;214.545;250;2.583;0.166;0.109;1.944;0.026;2.219
CN1;0.4;1;SUMMER;2012;68.57;19/07/2012;30;88.395;274.87;1250;0.549;1.336;0.109;2.419;0.026;3.864
CN1;0.4;2;SUMMER;2012;68.57;19/07/2012;30;91.3225;284.5025;1200;0.371;1.336;0.109;2.419;0.026;3.864
CN1;0.4;3;SUMMER;2012;68.57;19/07/2012;30;154.9425;483.9025;1200;1.157;1.336;0.109;2.419;0.026;3.864
CN1;0.4;4;SUMMER;2012;68.57;19/07/2012;30;170.5775;389.315;1300;0.614;1.336;0.109;2.419;0.026;3.864
CN1;0.4;5;SUMMER;2012;68.57;19/07/2012;30;138.165;311.49;1250;0.577;1.336;0.109;2.419;0.026;3.864
CN1;0.4;6;SUMMER;2012;68.57;19/07/2012;30;165.6375;359.595;2300;0.3;1.336;0.109;2.419;0.026;3.864
CN1;0.4;1;FALL;2012;55.749;01/11/2012;31;64.255;418.91;2275;0.249;0.873;0.444;8.202;0.06;9.519
CN1;0.4;2;FALL;2012;55.749;01/11/2012;31;39.8525;334.1325;1275;0.256;0.873;0.444;8.202;0.06;9.519
CN1;0.4;3;FALL;2012;55.749;01/11/2012;31;26.9025;355.1975;800;0.328;0.873;0.444;8.202;0.06;9.519
CN1;0.4;4;FALL;2012;55.749;01/11/2012;31;40.0725;350.6425;975;0.272;0.873;0.444;8.202;0.06;9.519
CN1;0.4;5;FALL;2012;55.749;01/11/2012;31;62.5725;296.53;950;0.542;0.873;0.444;8.202;0.06;9.519
CN1;0.4;6;FALL;2012;55.749;01/11/2012;31;63.7075;211.45;1050;0.378;0.873;0.444;8.202;0.06;9.519
CN1;0.4;1;WINTER;2013;44.21;12/02/2013;32;49.775;438.575;1000;0.29;0.932;0.188;3.968;0.026;5.088
CN1;0.4;2;WINTER;2013;44.21;12/02/2013;32;44.125;423.025;1025;0.273;0.932;0.188;3.968;0.026;5.088
CN1;0.4;3;WINTER;2013;44.21;12/02/2013;32;25.875;401.05;750;0.2;0.932;0.188;3.968;0.026;5.088
CN1;0.4;4;WINTER;2013;44.21;12/02/2013;32;47.3;350.4;1200;0.26;0.932;0.188;3.968;0.026;5.088
CN1;0.4;5;WINTER;2013;44.21;12/02/2013;32;34.3;382.6;1375;0.141;0.932;0.188;3.968;0.026;5.088
CN1;0.4;6;WINTER;2013;44.21;12/02/2013;32;26.3;216.85;1075;0.128;0.932;0.188;3.968;0.026;5.088
CN1;0.4;1;SPRING;2013;56.744;11/05/2013;33;94.6075;377.72;950;0.492;0.431;0.288;11.558;0.033;12.277
CN1;0.4;2;SPRING;2013;56.744;11/05/2013;33;96.07;361.075;1100;0.576;0.431;0.288;11.558;0.033;12.277
CN1;0.4;3;SPRING;2013;56.744;11/05/2013;33;181.8775;259.3325;1250;0.7;0.431;0.288;11.558;0.033;12.277
CN1;0.4;4;SPRING;2013;56.744;11/05/2013;33;139.01;337.96;1675;0.504;0.431;0.288;11.558;0.033;12.277
CN1;0.4;5;SPRING;2013;56.744;11/05/2013;33;163.5675;63.3025;1450;0.713;0.431;0.288;11.558;0.033;12.277
CN1;0.4;6;SPRING;2013;56.744;11/05/2013;33;73.0075;92.17;250;2.037;0.431;0.288;11.558;0.033;12.277
CN1;0.4;1;SUMMER;2013;74.123;01/08/2013;34;195.275;242.725;525;2.922;NA;NA;NA;NA;NA
CN1;0.4;2;SUMMER;2013;74.123;01/08/2013;34;37.8225;102.13;1175;0.113;NA;NA;NA;NA;NA
CN1;0.4;3;SUMMER;2013;74.123;01/08/2013;34;160.5325;349.0025;1425;0.97;NA;NA;NA;NA;NA
CN1;0.4;4;SUMMER;2013;74.123;01/08/2013;34;313.475;476.1;1350;1.012;NA;NA;NA;NA;NA
CN1;0.4;5;SUMMER;2013;74.123;01/08/2013;34;444.3125;735.2375;1375;1.121;NA;NA;NA;NA;NA
CN1;0.4;6;SUMMER;2013;74.123;01/08/2013;34;189.995;368.225;1625;0.69;NA;NA;NA;NA;NA
CN1;0.4;1;FALL;2013;56.863;12/11/2013;35;133.5525;598.7025;2375;0.3;1.635;0.109;0.279;0.026;2.023
CN1;0.4;2;FALL;2013;56.863;12/11/2013;35;96.8325;529.79;1400;0.348;1.635;0.109;0.279;0.026;2.023
CN1;0.4;3;FALL;2013;56.863;12/11/2013;35;63.65;388.255;1525;0.199;1.635;0.109;0.279;0.026;2.023
CN1;0.4;4;FALL;2013;56.863;12/11/2013;35;60.185;410.2675;1575;0.217;1.635;0.109;0.279;0.026;2.023
CN1;0.4;5;FALL;2013;56.863;12/11/2013;35;39.4975;357.7775;1675;0.16;1.635;0.109;0.279;0.026;2.023
CN1;0.4;6;FALL;2013;56.863;12/11/2013;35;55.4375;383.275;1650;0.107;1.635;0.109;0.279;0.026;2.023
CN1;0.4;1;WINTER;2014;44.019;15/02/2014;36;17.84;52.8675;600;0.176;0.166;0.359;12.742;0.119;13.267
CN1;0.4;2;WINTER;2014;44.019;15/02/2014;36;19.11462948;53.135;500;0.105;0.166;0.359;12.742;0.119;13.267
CN1;0.4;3;WINTER;2014;44.019;15/02/2014;36;59.365;386.935;1050;0.309;0.166;0.359;12.742;0.119;13.267
CN1;0.4;4;WINTER;2014;44.019;15/02/2014;36;42.6;473.1825;1175;0.254;0.166;0.359;12.742;0.119;13.267
CN1;0.4;5;WINTER;2014;44.019;15/02/2014;36;80.975;80.945;350;1.151;0.166;0.359;12.742;0.119;13.267
CN1;0.4;6;WINTER;2014;44.019;15/02/2014;36;33.935;76.4225;350;0.532;0.166;0.359;12.742;0.119;13.267
CN1;0.4;1;SPRING;2014;60.534;13/05/2014;37;94.255;363.0825;1200;0.503;0.166;0.251;0.105;0.026;0.522
CN1;0.4;2;SPRING;2014;60.534;13/05/2014;37;102.0775;214.0075;1350;0.361;0.166;0.251;0.105;0.026;0.522
CN1;0.4;3;SPRING;2014;60.534;13/05/2014;37;245.8825;383.075;2050;0.511;0.166;0.251;0.105;0.026;0.522
CN1;0.4;4;SPRING;2014;60.534;13/05/2014;37;258.7;535.5175;1775;0.486;0.166;0.251;0.105;0.026;0.522
CN1;0.4;5;SPRING;2014;60.534;13/05/2014;37;275.07;325.7725;1625;1.012;0.166;0.251;0.105;0.026;0.522
CN1;0.4;6;SPRING;2014;60.534;13/05/2014;37;228.0375;275.905;1600;0.865;0.166;0.251;0.105;0.026;0.522
CN1;0.4;1;SUMMER;2014;71.296;19/08/2014;38;84.5875;321.445;1975;0.323;1.386;0.394;0.105;0.026;1.885
CN1;0.4;2;SUMMER;2014;71.296;19/08/2014;38;61.7875;204.026;1050;0.446;1.386;0.394;0.105;0.026;1.885
CN1;0.4;3;SUMMER;2014;71.296;19/08/2014;38;133.3475;201.25;1825;0.462;1.386;0.394;0.105;0.026;1.885
CN1;0.4;4;SUMMER;2014;71.296;19/08/2014;38;79.0475;146.7625;1125;0.448;1.386;0.394;0.105;0.026;1.885
CN1;0.4;5;SUMMER;2014;71.296;19/08/2014;38;214.865;568.95;1100;0.881;1.386;0.394;0.105;0.026;1.885
CN1;0.4;6;SUMMER;2014;71.296;19/08/2014;38;185.015;725.71;1125;0.798;1.386;0.394;0.105;0.026;1.885
CN1;0.4;1;FALL;2014;57.609;23/10/2014;39;84.92;520.175;1175;0.337;4.573;0.569;3.919;0.026;9.061
CN1;0.4;2;FALL;2014;57.609;23/10/2014;39;81.79;407.055;900;0.616;4.573;0.569;3.919;0.026;9.061
CN1;0.4;3;FALL;2014;57.609;23/10/2014;39;24.11;123.9675;2100;0.082;4.573;0.569;3.919;0.026;9.061
CN1;0.4;4;FALL;2014;57.609;23/10/2014;39;68.24;154.945;925;0.423;4.573;0.569;3.919;0.026;9.061
CN1;0.4;1;WINTER;2015;43.116;05/02/2015;40;137.7425;215.765;425;1.494;0.993;0.308;3.186;0.107;4.487
CN1;0.4;2;WINTER;2015;43.116;05/02/2015;40;29.925;366.35;550;0.373;0.993;0.308;3.186;0.107;4.487
CN1;0.4;3;WINTER;2015;43.116;05/02/2015;40;15.47;92.02;550;0.249;0.993;0.308;3.186;0.107;4.487
CN1;0.4;4;WINTER;2015;43.116;05/02/2015;40;52.3;358.65;875;0.351;0.993;0.308;3.186;0.107;4.487
CN1;0.4;5;WINTER;2015;43.116;05/02/2015;40;14.4825;164.2725;475;0.224;0.993;0.308;3.186;0.107;4.487
CN1;0.4;6;WINTER;2015;43.116;05/02/2015;40;15.27;121.3875;275;0.354;0.993;0.308;3.186;0.107;4.487
CN1;0.4;1;SUMMER;2015;72.458;17/08/2015;41;87.275;93.125;925;0.738;2.883;0.187;0.48;0.063;3.55
CN1;0.4;2;SUMMER;2015;72.458;17/08/2015;41;67.65;59.25;1125;0.487;2.883;0.187;0.48;0.063;3.55
CN1;0.4;3;SUMMER;2015;72.458;17/08/2015;41;111.5;90.5;850;1.171;2.883;0.187;0.48;0.063;3.55
CN1;0.4;4;SUMMER;2015;72.458;17/08/2015;41;97.5;93.52796429;425;3.366;2.883;0.187;0.48;0.063;3.55
CN1;0.4;5;SUMMER;2015;72.458;17/08/2015;41;49.75;93.75;750;1.617;2.883;0.187;0.48;0.063;3.55
CN1;0.4;6;SUMMER;2015;72.458;17/08/2015;41;190.5;73.34606378;475;1.876;2.883;0.187;0.48;0.063;3.55
CN1;0.4;1;FALL;2015;56.721;11/11/2015;42;240.8369428;210.7761176;NA;NA;5.516;0.635;2.065;0.026;8.216
CN1;0.4;2;FALL;2015;56.721;11/11/2015;42;203;79.13021902;600;1.558;5.516;0.635;2.065;0.026;8.216
CN1;0.4;3;FALL;2015;56.721;11/11/2015;42;34.75;115.75;450;2.478;5.516;0.635;2.065;0.026;8.216
CN1;0.4;4;FALL;2015;56.721;11/11/2015;42;279.3661405;119.5;500;3.108;5.516;0.635;2.065;0.026;8.216
CN1;0.4;5;FALL;2015;56.721;11/11/2015;42;58.75;134.5615206;500;1.824;5.516;0.635;2.065;0.026;8.216
CN1;0.4;6;FALL;2015;56.721;11/11/2015;42;150.3070743;193.1821841;550;1.337;5.516;0.635;2.065;0.026;8.216
CN2;-0.08;1;SPRING;2005;58.932;11/05/2005;1;197.5;735;500;1.14;NA;NA;NA;NA;NA
CN2;-0.08;2;SPRING;2005;58.932;11/05/2005;1;162.6176132;625;575;1.5;NA;NA;NA;NA;NA
CN2;-0.08;1;SUMMER;2005;71.613;03/08/2005;2;125;164;525;1.681;2.495;0.163;2.5;0.316;5.158
CN2;-0.08;2;SUMMER;2005;71.613;03/08/2005;2;177;459.5;825;1.446;2.495;0.163;2.5;0.316;5.158
CN2;-0.08;3;SUMMER;2005;71.613;03/08/2005;2;NA;NA;50;NA;2.495;0.163;2.5;0.316;5.158
CN2;-0.08;4;SUMMER;2005;71.613;03/08/2005;2;NA;NA;300;NA;2.495;0.163;2.5;0.316;5.158
CN2;-0.08;5;SUMMER;2005;71.613;03/08/2005;2;NA;NA;150;NA;2.495;0.163;2.5;0.316;5.158
CN2;-0.08;6;SUMMER;2005;71.613;03/08/2005;2;NA;NA;525;NA;2.495;0.163;2.5;0.316;5.158
CN2;-0.08;1;FALL;2005;53.794;18/11/2005;3;132.1925;147.2;500;1.692;3.197;0.725;2.618;0.446;6.54
CN2;-0.08;2;FALL;2005;53.794;18/11/2005;3;93.305;191.305;650;0.871;3.197;0.725;2.618;0.446;6.54
CN2;-0.08;3;FALL;2005;53.794;18/11/2005;3;89.4675;233.84;725;0.722;3.197;0.725;2.618;0.446;6.54
CN2;-0.08;4;FALL;2005;53.794;18/11/2005;3;78.38;351.8975;550;0.815;3.197;0.725;2.618;0.446;6.54
CN2;-0.08;5;FALL;2005;53.794;18/11/2005;3;44.675;203.75;675;0.398;3.197;0.725;2.618;0.446;6.54
CN2;-0.08;6;FALL;2005;53.794;18/11/2005;3;105.575;296.005;725;0.794;3.197;0.725;2.618;0.446;6.54
CN2;-0.08;1;WINTER;2006;43.916;14/02/2006;4;55.425;388.4;675;0.517;NA;NA;NA;NA;NA
CN2;-0.08;2;WINTER;2006;43.916;14/02/2006;4;25;293.65;375;0.401;NA;NA;NA;NA;NA
CN2;-0.08;3;WINTER;2006;43.916;14/02/2006;4;39.3875;480.2525;875;0.276;NA;NA;NA;NA;NA
CN2;-0.08;4;WINTER;2006;43.916;14/02/2006;4;49.6375;422.725;575;0.463;NA;NA;NA;NA;NA
CN2;-0.08;5;WINTER;2006;43.916;14/02/2006;4;39.1125;584.16;1075;0.217;NA;NA;NA;NA;NA
CN2;-0.08;6;WINTER;2006;43.916;14/02/2006;4;36.4375;450.4325;1025;0.211;NA;NA;NA;NA;NA
CN2;-0.08;1;SPRING;2006;60.412;10/05/2006;5;119.9825;211.2725;725;1.167;NA;NA;NA;NA;NA
CN2;-0.08;2;SPRING;2006;60.412;10/05/2006;5;29.7925;71.29;175;1.297;NA;NA;NA;NA;NA
CN2;-0.08;3;SPRING;2006;60.412;10/05/2006;5;80;195;600;0.7;NA;NA;NA;NA;NA
CN2;-0.08;4;SPRING;2006;60.412;10/05/2006;5;122.5;215.37;875;1.089;NA;NA;NA;NA;NA
CN2;-0.08;5;SPRING;2006;60.412;10/05/2006;5;157.5;407.5;975;1.069;NA;NA;NA;NA;NA
CN2;-0.08;6;SPRING;2006;60.412;10/05/2006;5;85;107.5;550;0.782;NA;NA;NA;NA;NA
CN2;-0.08;1;SUMMER;2006;72.76;12/07/2006;6;180;382.5;1250;1.13;6.513;0.174;4.178;0.395;10.865
CN2;-0.08;2;SUMMER;2006;72.76;12/07/2006;6;212.5;557.5;1275;1.2;6.513;0.174;4.178;0.395;10.865
CN2;-0.08;3;SUMMER;2006;72.76;12/07/2006;6;245;207.5;650;2.946;6.513;0.174;4.178;0.395;10.865
CN2;-0.08;4;SUMMER;2006;72.76;12/07/2006;6;170;417.5;525;2.024;6.513;0.174;4.178;0.395;10.865
CN2;-0.08;5;SUMMER;2006;72.76;12/07/2006;6;370;495;1500;1.793;6.513;0.174;4.178;0.395;10.865
CN2;-0.08;6;SUMMER;2006;72.76;12/07/2006;6;315;343.1;1225;2.063;6.513;0.174;4.178;0.395;10.865
CN2;-0.08;1;FALL;2006;57.373;23/10/2006;7;76.94;190.9;275;1.727;NA;NA;NA;NA;NA
CN2;-0.08;2;FALL;2006;57.373;23/10/2006;7;132.0625;300.995;500;1.595;NA;NA;NA;NA;NA
CN2;-0.08;3;FALL;2006;57.373;23/10/2006;7;91.1975;321.1875;500;1.387;NA;NA;NA;NA;NA
CN2;-0.08;4;FALL;2006;57.373;23/10/2006;7;92.5;195;500;1.335;NA;NA;NA;NA;NA
CN2;-0.08;5;FALL;2006;57.373;23/10/2006;7;61.71;192.84;475;0.769;NA;NA;NA;NA;NA
CN2;-0.08;6;FALL;2006;57.373;23/10/2006;7;32.5;37.5;150;1.167;NA;NA;NA;NA;NA
CN2;-0.08;1;WINTER;2007;44.395;04/02/2007;8;49.1;246.975;400;0.729;NA;NA;NA;NA;NA
CN2;-0.08;2;WINTER;2007;44.395;04/02/2007;8;80.25;230.25;800;0.634;NA;NA;NA;NA;NA
CN2;-0.08;3;WINTER;2007;44.395;04/02/2007;8;118.5;276.5;650;1.248;NA;NA;NA;NA;NA
CN2;-0.08;4;WINTER;2007;44.395;04/02/2007;8;89;249.25;575;0.996;NA;NA;NA;NA;NA
CN2;-0.08;5;WINTER;2007;44.395;04/02/2007;8;54.5;235.75;350;0.864;NA;NA;NA;NA;NA
CN2;-0.08;6;WINTER;2007;44.395;04/02/2007;8;40.5;238.5;425;0.724;NA;NA;NA;NA;NA
CN2;-0.08;1;SPRING;2007;57.63;02/05/2007;9;77.115;233.1675;425;1.318;0.734;0.283;0.516;0.227;1.533
CN2;-0.08;2;SPRING;2007;57.63;02/05/2007;9;106.7775;176.89;225;3.478;0.734;0.283;0.516;0.227;1.533
CN2;-0.08;3;SPRING;2007;57.63;02/05/2007;9;169.9;257.5225;925;0.536;0.734;0.283;0.516;0.227;1.533
CN2;-0.08;4;SPRING;2007;57.63;02/05/2007;9;182.845;220.7625;950;1.129;0.734;0.283;0.516;0.227;1.533
CN2;-0.08;5;SPRING;2007;57.63;02/05/2007;9;235.79;437.915;900;1.781;0.734;0.283;0.516;0.227;1.533
CN2;-0.08;6;SPRING;2007;57.63;02/05/2007;9;228.615;250.255;500;2.845;0.734;0.283;0.516;0.227;1.533
CN2;-0.08;1;SUMMER;2007;69.567;30/06/2007;10;477.2975;414.395;650;5.43;1.719;0.109;0.605;0.248;2.433
CN2;-0.08;2;SUMMER;2007;69.567;30/06/2007;10;182.9725;253.945;450;3.085;1.719;0.109;0.605;0.248;2.433
CN2;-0.08;3;SUMMER;2007;69.567;30/06/2007;10;656.28;482.63;1275;3.62;1.719;0.109;0.605;0.248;2.433
CN2;-0.08;4;SUMMER;2007;69.567;30/06/2007;10;356.2425;264.26;425;5.468;1.719;0.109;0.605;0.248;2.433
CN2;-0.08;5;SUMMER;2007;69.567;30/06/2007;10;484.415;390.495;925;4.12;1.719;0.109;0.605;0.248;2.433
CN2;-0.08;6;SUMMER;2007;69.567;30/06/2007;10;465;457.58;1075;3.112;1.719;0.109;0.605;0.248;2.433
CN2;-0.08;1;FALL;2007;55.583;14/10/2007;11;141.32;391.7925;675;1.57;1.081;0.935;3;0.074;5.016
CN2;-0.08;2;FALL;2007;55.583;14/10/2007;11;211.6325;241.2875;500;3.144;1.081;0.935;3;0.074;5.016
CN2;-0.08;3;FALL;2007;55.583;14/10/2007;11;128.7;382.7525;675;1.368;1.081;0.935;3;0.074;5.016
CN2;-0.08;4;FALL;2007;55.583;14/10/2007;11;275.06;188.7475;525;3.811;1.081;0.935;3;0.074;5.016
CN2;-0.08;5;FALL;2007;55.583;14/10/2007;11;140.185;386.57;450;2.439;1.081;0.935;3;0.074;5.016
CN2;-0.08;6;FALL;2007;55.583;14/10/2007;11;115.25;310;475;1.864;1.081;0.935;3;0.074;5.016
CN2;-0.08;1;WINTER;2008;48.163;24/01/2008;12;48.5;388.25;625;0.485;0.166;0.229;0.5;0.026;0.895
CN2;-0.08;2;WINTER;2008;48.163;24/01/2008;12;57.75;479.095;700;0.523;0.166;0.229;0.5;0.026;0.895
CN2;-0.08;3;WINTER;2008;48.163;24/01/2008;12;18.75;292;375;0.551;0.166;0.229;0.5;0.026;0.895
CN2;-0.08;4;WINTER;2008;48.163;24/01/2008;12;19.75;182.75;250;0.692;0.166;0.229;0.5;0.026;0.895
CN2;-0.08;5;WINTER;2008;48.163;24/01/2008;12;71.44;373.555;1000;0.456;0.166;0.229;0.5;0.026;0.895
CN2;-0.08;6;WINTER;2008;48.163;24/01/2008;12;59.25;539.5;575;0.502;0.166;0.229;0.5;0.026;0.895
CN2;-0.08;1;SPRING;2008;57.199;29/04/2008;13;147.8425;319.605;875;1.027;1.136;1.022;0.46;0.411;2.618
CN2;-0.08;2;SPRING;2008;57.199;29/04/2008;13;88.2775;427.8775;575;0.927;1.136;1.022;0.46;0.411;2.618
CN2;-0.08;3;SPRING;2008;57.199;29/04/2008;13;137.25;206.5;850;1.084;1.136;1.022;0.46;0.411;2.618
CN2;-0.08;4;SPRING;2008;57.199;29/04/2008;13;212.5;321.25;1100;1.319;1.136;1.022;0.46;0.411;2.618
CN2;-0.08;5;SPRING;2008;57.199;29/04/2008;13;233.39;334.7225;1150;1.443;1.136;1.022;0.46;0.411;2.618
CN2;-0.08;6;SPRING;2008;57.199;29/04/2008;13;218.35;247.425;875;1.471;1.136;1.022;0.46;0.411;2.618
CN2;-0.08;1;SUMMER;2008;68.568;16/07/2008;14;207.125;516.975;575;2.438;0.859;0.468;0.23;0.237;1.557
CN2;-0.08;2;SUMMER;2008;68.568;16/07/2008;14;207.5;577.5;1000;1.63;0.859;0.468;0.23;0.237;1.557
CN2;-0.08;3;SUMMER;2008;68.568;16/07/2008;14;300.5925;602.38;775;3.039;0.859;0.468;0.23;0.237;1.557
CN2;-0.08;4;SUMMER;2008;68.568;16/07/2008;14;215.1225;504.15;1275;1.22;0.859;0.468;0.23;0.237;1.557
CN2;-0.08;5;SUMMER;2008;68.568;16/07/2008;14;215.75;594.3;925;1.705;0.859;0.468;0.23;0.237;1.557
CN2;-0.08;6;SUMMER;2008;68.568;16/07/2008;14;301.75;434.0025;800;2.324;0.859;0.468;0.23;0.237;1.557
CN2;-0.08;1;FALL;2008;50.031;29/10/2008;15;140.825;282.97;325;2.993;1.525;0.956;6.323;0.026;8.804
CN2;-0.08;2;FALL;2008;50.031;29/10/2008;15;143.51;258.89;650;1.561;1.525;0.956;6.323;0.026;8.804
CN2;-0.08;3;FALL;2008;50.031;29/10/2008;15;156.685;328.425;1150;0.89;1.525;0.956;6.323;0.026;8.804
CN2;-0.08;4;FALL;2008;50.031;29/10/2008;15;100.85;192.0175;400;1.413;1.525;0.956;6.323;0.026;8.804
CN2;-0.08;5;FALL;2008;50.031;29/10/2008;15;66.6625;81.13;150;3.41;1.525;0.956;6.323;0.026;8.804
CN2;-0.08;6;FALL;2008;50.031;29/10/2008;15;49.7975;204;300;1.079;1.525;0.956;6.323;0.026;8.804
CN2;-0.08;1;WINTER;2009;43.268;10/02/2009;16;40.015;385.9525;750;0.303;0.804;1.163;16.162;0.111;18.129
CN2;-0.08;2;WINTER;2009;43.268;10/02/2009;16;61.8075;667.3175;775;0.382;0.804;1.163;16.162;0.111;18.129
CN2;-0.08;3;WINTER;2009;43.268;10/02/2009;16;79.255;612.455;1075;0.459;0.804;1.163;16.162;0.111;18.129
CN2;-0.08;4;WINTER;2009;43.268;10/02/2009;16;16.495;437.79;550;0.175;0.804;1.163;16.162;0.111;18.129
CN2;-0.08;5;WINTER;2009;43.268;10/02/2009;16;61.7725;446.2825;725;0.494;0.804;1.163;16.162;0.111;18.129
CN2;-0.08;6;WINTER;2009;43.268;10/02/2009;16;52.31;442.155;850;0.366;0.804;1.163;16.162;0.111;18.129
CN2;-0.08;1;SPRING;2009;58.691;09/05/2009;17;152.255;509.1475;825;0.895;1.663;0.815;0.867;0.026;3.345
CN2;-0.08;2;SPRING;2009;58.691;09/05/2009;17;73.5175;353.005;650;0.768;1.663;0.815;0.867;0.026;3.345
CN2;-0.08;3;SPRING;2009;58.691;09/05/2009;17;179.52;585.66;1250;0.653;1.663;0.815;0.867;0.026;3.345
CN2;-0.08;4;SPRING;2009;58.691;09/05/2009;17;153.805;618.33;975;0.834;1.663;0.815;0.867;0.026;3.345
CN2;-0.08;5;SPRING;2009;58.691;09/05/2009;17;309.6775;560.4075;1100;2.068;1.663;0.815;0.867;0.026;3.345
CN2;-0.08;6;SPRING;2009;58.691;09/05/2009;17;214.9425;498.465;900;1.641;1.663;0.815;0.867;0.026;3.345
CN2;-0.08;1;SUMMER;2009;70.875;08/07/2009;18;225.615;478.7475;750;2.376;0.166;0.109;0.105;0.026;0.38
CN2;-0.08;2;SUMMER;2009;70.875;08/07/2009;18;94.205;368.1675;850;0.759;0.166;0.109;0.105;0.026;0.38
CN2;-0.08;3;SUMMER;2009;70.875;08/07/2009;18;282.635;499.075;900;1.744;0.166;0.109;0.105;0.026;0.38
CN2;-0.08;4;SUMMER;2009;70.875;08/07/2009;18;376.575;686.8325;850;3.645;0.166;0.109;0.105;0.026;0.38
CN2;-0.08;5;SUMMER;2009;70.875;08/07/2009;18;212.675;271.425;550;2.4;0.166;0.109;0.105;0.026;0.38
CN2;-0.08;6;SUMMER;2009;70.875;08/07/2009;18;250;347.5;850;1.376;0.166;0.109;0.105;0.026;0.38
CN2;-0.08;1;FALL;2009;56.643;11/11/2009;19;128.4275;637.69;475;1.126;0.166;0.167;1.637;0.059;1.97
CN2;-0.08;2;FALL;2009;56.643;11/11/2009;19;96.115;367.0725;1375;0.409;0.166;0.167;1.637;0.059;1.97
CN2;-0.08;3;FALL;2009;56.643;11/11/2009;19;66.8925;532.245;600;0.721;0.166;0.167;1.637;0.059;1.97
CN2;-0.08;4;FALL;2009;56.643;11/11/2009;19;42.8425;329.56;550;0.342;0.166;0.167;1.637;0.059;1.97
CN2;-0.08;5;FALL;2009;56.643;11/11/2009;19;72.675;472;700;0.718;0.166;0.167;1.637;0.059;1.97
CN2;-0.08;6;FALL;2009;56.643;11/11/2009;19;28.65;420.675;575;0.433;0.166;0.167;1.637;0.059;1.97
CN2;-0.08;1;WINTER;2010;48.213;10/02/2010;20;65.6725;622.1225;825;0.521;5.737;1.435;24.597;0.026;31.769
CN2;-0.08;2;WINTER;2010;48.213;10/02/2010;20;45.11;328.12;575;0.75;5.737;1.435;24.597;0.026;31.769
CN2;-0.08;3;WINTER;2010;48.213;10/02/2010;20;30.63;300.705;575;0.419;5.737;1.435;24.597;0.026;31.769
CN2;-0.08;4;WINTER;2010;48.213;10/02/2010;20;58.145;424.0175;750;0.471;5.737;1.435;24.597;0.026;31.769
CN2;-0.08;5;WINTER;2010;48.213;10/02/2010;20;61.01;168.7125;500;0.852;5.737;1.435;24.597;0.026;31.769
CN2;-0.08;6;WINTER;2010;48.213;10/02/2010;20;43.905;322.4875;525;0.55;5.737;1.435;24.597;0.026;31.769
CN2;-0.08;1;SPRING;2010;58.65;30/04/2010;21;38.3375;264.3375;375;0.722;NA;NA;NA;NA;NA
CN2;-0.08;2;SPRING;2010;58.65;30/04/2010;21;67.0275;229.3575;375;1.236;NA;NA;NA;NA;NA
CN2;-0.08;3;SPRING;2010;58.65;30/04/2010;21;97.585;183.9675;475;1.031;NA;NA;NA;NA;NA
CN2;-0.08;4;SPRING;2010;58.65;30/04/2010;21;54.235;222.4975;375;1.064;NA;NA;NA;NA;NA
CN2;-0.08;5;SPRING;2010;58.65;30/04/2010;21;70.0825;222.87;225;2.196;NA;NA;NA;NA;NA
CN2;-0.08;6;SPRING;2010;58.65;30/04/2010;21;81.8475;71.3975;375;1.567;NA;NA;NA;NA;NA
CN2;-0.08;1;SUMMER;2010;74.023;13/07/2010;22;225.55;403.7675;1025;1.571;0.166;0.109;0.105;0.026;0.38
CN2;-0.08;2;SUMMER;2010;74.023;13/07/2010;22;232.675;265.25;1050;1.545;0.166;0.109;0.105;0.026;0.38
CN2;-0.08;3;SUMMER;2010;74.023;13/07/2010;22;217.775;325.845;700;2.219;0.166;0.109;0.105;0.026;0.38
CN2;-0.08;4;SUMMER;2010;74.023;13/07/2010;22;256.08;289.52;725;2.517;0.166;0.109;0.105;0.026;0.38
CN2;-0.08;5;SUMMER;2010;74.023;13/07/2010;22;195.6025;396.8075;700;2.183;0.166;0.109;0.105;0.026;0.38
CN2;-0.08;6;SUMMER;2010;74.023;13/07/2010;22;284.7575;320.4475;700;2.195;0.166;0.109;0.105;0.026;0.38
CN2;-0.08;1;FALL;2010;54.595;24/10/2010;23;118.63;483.8475;750;1.084;1.064;0.315;1.476;0.026;2.855
CN2;-0.08;2;FALL;2010;54.595;24/10/2010;23;122.58;374.715;725;1.013;1.064;0.315;1.476;0.026;2.855
CN2;-0.08;3;FALL;2010;54.595;24/10/2010;23;174.935;344.5475;525;1.463;1.064;0.315;1.476;0.026;2.855
CN2;-0.08;4;FALL;2010;54.595;24/10/2010;23;155.98;368.5375;550;1.729;1.064;0.315;1.476;0.026;2.855
CN2;-0.08;5;FALL;2010;54.595;24/10/2010;23;146.8025;261.4475;525;2.301;1.064;0.315;1.476;0.026;2.855
CN2;-0.08;6;FALL;2010;54.595;24/10/2010;23;94.2075;588.8175;625;1.003;1.064;0.315;1.476;0.026;2.855
CN2;-0.08;1;WINTER;2011;47.553;04/02/2011;24;46.7;209.925;275;1.015;0.166;0.525;11.694;0.026;12.385
CN2;-0.08;2;WINTER;2011;47.553;04/02/2011;24;72.8375;246.02;525;0.881;0.166;0.525;11.694;0.026;12.385
CN2;-0.08;3;WINTER;2011;47.553;04/02/2011;24;67.55;369.325;400;0.962;0.166;0.525;11.694;0.026;12.385
CN2;-0.08;4;WINTER;2011;47.553;04/02/2011;24;75.15;360.925;575;0.741;0.166;0.525;11.694;0.026;12.385
CN2;-0.08;5;WINTER;2011;47.553;04/02/2011;24;37.82;130.575;150;1.28;0.166;0.525;11.694;0.026;12.385
CN2;-0.08;6;WINTER;2011;47.553;04/02/2011;24;26.365;249.05;200;0.803;0.166;0.525;11.694;0.026;12.385
CN2;-0.08;1;SPRING;2011;61.123;26/05/2011;25;90.695;335.71;1175;0.517;1.566;0.312;1.682;0.026;3.56
CN2;-0.08;2;SPRING;2011;61.123;26/05/2011;25;102.3;291.5875;975;0.817;1.566;0.312;1.682;0.026;3.56
CN2;-0.08;3;SPRING;2011;61.123;26/05/2011;25;125.91;360.9875;1100;0.785;1.566;0.312;1.682;0.026;3.56
CN2;-0.08;4;SPRING;2011;61.123;26/05/2011;25;56.7375;312.625;775;0.485;1.566;0.312;1.682;0.026;3.56
CN2;-0.08;5;SPRING;2011;61.123;26/05/2011;25;172.9725;249.935;1300;0.759;1.566;0.312;1.682;0.026;3.56
CN2;-0.08;6;SPRING;2011;61.123;26/05/2011;25;95.795;118.7325;1500;0.637;1.566;0.312;1.682;0.026;3.56
CN2;-0.08;1;SUMMER;2011;70.903;01/07/2011;26;146.6425;331.7425;1525;0.65;0.166;0.109;1.653;0.026;1.928
CN2;-0.08;2;SUMMER;2011;70.903;01/07/2011;26;130.85;298.9975;675;1.148;0.166;0.109;1.653;0.026;1.928
CN2;-0.08;3;SUMMER;2011;70.903;01/07/2011;26;83.8475;318.325;550;1;0.166;0.109;1.653;0.026;1.928
CN2;-0.08;4;SUMMER;2011;70.903;01/07/2011;26;237.1425;318.9675;750;2.171;0.166;0.109;1.653;0.026;1.928
CN2;-0.08;5;SUMMER;2011;70.903;01/07/2011;26;171.2575;452.92;1900;0.675;0.166;0.109;1.653;0.026;1.928
CN2;-0.08;6;SUMMER;2011;70.903;01/07/2011;26;160.875;345.5525;1875;0.648;0.166;0.109;1.653;0.026;1.928
CN2;-0.08;1;FALL;2011;55.175;14/10/2011;27;50.2975;466.1425;650;0.571;0.707;0.253;2.653;0.085;3.613
CN2;-0.08;2;FALL;2011;55.175;14/10/2011;27;21.3325;278.38;400;0.413;0.707;0.253;2.653;0.085;3.613
CN2;-0.08;3;FALL;2011;55.175;14/10/2011;27;42.4725;493.9925;625;0.406;0.707;0.253;2.653;0.085;3.613
CN2;-0.08;4;FALL;2011;55.175;14/10/2011;27;28.1;304.2425;1025;0.179;0.707;0.253;2.653;0.085;3.613
CN2;-0.08;5;FALL;2011;55.175;14/10/2011;27;41.7325;398.52;900;0.294;0.707;0.253;2.653;0.085;3.613
CN2;-0.08;6;FALL;2011;55.175;14/10/2011;27;43.8325;415.8675;1275;0.178;0.707;0.253;2.653;0.085;3.613
CN2;-0.08;1;WINTER;2012;42.771;07/02/2012;28;35.95;458.8125;1025;0.185;0.166;0.109;0.105;0.026;0.38
CN2;-0.08;2;WINTER;2012;42.771;07/02/2012;28;27.1625;344.5025;1150;0.133;0.166;0.109;0.105;0.026;0.38
CN2;-0.08;3;WINTER;2012;42.771;07/02/2012;28;40.505;454.1125;1275;0.185;0.166;0.109;0.105;0.026;0.38
CN2;-0.08;4;WINTER;2012;42.771;07/02/2012;28;40.94;296.895;1400;0.221;0.166;0.109;0.105;0.026;0.38
CN2;-0.08;5;WINTER;2012;42.771;07/02/2012;28;40.1;327.38;875;0.244;0.166;0.109;0.105;0.026;0.38
CN2;-0.08;6;WINTER;2012;42.771;07/02/2012;28;27.4675;305.2225;1000;0.176;0.166;0.109;0.105;0.026;0.38
CN2;-0.08;1;SPRING;2012;57.003;22/05/2012;29;70.48;516.0875;800;0.533;0.166;0.109;1.944;0.026;2.219
CN2;-0.08;2;SPRING;2012;57.003;22/05/2012;29;103.2025;502.8925;1100;0.493;0.166;0.109;1.944;0.026;2.219
CN2;-0.08;3;SPRING;2012;57.003;22/05/2012;29;73.495;403.105;1200;0.314;0.166;0.109;1.944;0.026;2.219
CN2;-0.08;4;SPRING;2012;57.003;22/05/2012;29;62.2175;316.62;1725;0.299;0.166;0.109;1.944;0.026;2.219
CN2;-0.08;5;SPRING;2012;57.003;22/05/2012;29;117.05;180.955;2375;0.413;0.166;0.109;1.944;0.026;2.219
CN2;-0.08;6;SPRING;2012;57.003;22/05/2012;29;112.485;321.9675;2075;0.405;0.166;0.109;1.944;0.026;2.219
CN2;-0.08;1;SUMMER;2012;68.57;19/07/2012;30;124.3975;344.6675;625;1.115;1.336;0.109;2.419;0.026;3.864
CN2;-0.08;2;SUMMER;2012;68.57;19/07/2012;30;202.1325;484.9975;1125;0.932;1.336;0.109;2.419;0.026;3.864
CN2;-0.08;3;SUMMER;2012;68.57;19/07/2012;30;123.145;118.9475;450;1.678;1.336;0.109;2.419;0.026;3.864
CN2;-0.08;4;SUMMER;2012;68.57;19/07/2012;30;219.395;231.8525;575;2.062;1.336;0.109;2.419;0.026;3.864
CN2;-0.08;5;SUMMER;2012;68.57;19/07/2012;30;136.9075;282.89;550;1.727;1.336;0.109;2.419;0.026;3.864
CN2;-0.08;6;SUMMER;2012;68.57;19/07/2012;30;133.4925;349.03;550;2.183;1.336;0.109;2.419;0.026;3.864
CN2;-0.08;1;FALL;2012;55.749;01/11/2012;31;138.355;378.985;725;1.357;0.873;0.444;8.202;0.06;9.519
CN2;-0.08;2;FALL;2012;55.749;01/11/2012;31;85.1625;315.8075;700;0.844;0.873;0.444;8.202;0.06;9.519
CN2;-0.08;3;FALL;2012;55.749;01/11/2012;31;133.1225;267.7225;550;1.862;0.873;0.444;8.202;0.06;9.519
CN2;-0.08;4;FALL;2012;55.749;01/11/2012;31;134.4575;291.46;525;1.76;0.873;0.444;8.202;0.06;9.519
CN2;-0.08;5;FALL;2012;55.749;01/11/2012;31;54.25;83.185;275;1.293;0.873;0.444;8.202;0.06;9.519
CN2;-0.08;6;FALL;2012;55.749;01/11/2012;31;33.715;122.9575;300;0.856;0.873;0.444;8.202;0.06;9.519
CN2;-0.08;1;WINTER;2013;44.21;12/02/2013;32;50.975;330.825;425;0.673;0.932;0.188;3.968;0.026;5.088
CN2;-0.08;2;WINTER;2013;44.21;12/02/2013;32;46.625;184.525;400;0.632;0.932;0.188;3.968;0.026;5.088
CN2;-0.08;3;WINTER;2013;44.21;12/02/2013;32;40;167.2;350;0.71;0.932;0.188;3.968;0.026;5.088
CN2;-0.08;4;WINTER;2013;44.21;12/02/2013;32;36.7;266.95;400;0.545;0.932;0.188;3.968;0.026;5.088
CN2;-0.08;5;WINTER;2013;44.21;12/02/2013;32;45.85;239.325;550;0.5;0.932;0.188;3.968;0.026;5.088
CN2;-0.08;6;WINTER;2013;44.21;12/02/2013;32;57.25;233.325;600;0.513;0.932;0.188;3.968;0.026;5.088
CN2;-0.08;1;SPRING;2013;56.744;11/05/2013;33;134.485;186.7425;225;3.107;0.431;0.288;11.558;0.033;12.277
CN2;-0.08;2;SPRING;2013;56.744;11/05/2013;33;127.605;273.695;575;0.344;0.431;0.288;11.558;0.033;12.277
CN2;-0.08;3;SPRING;2013;56.744;11/05/2013;33;17.0975;73.4225;250;0.475;0.431;0.288;11.558;0.033;12.277
CN2;-0.08;4;SPRING;2013;56.744;11/05/2013;33;111.77;142.3175;600;0.97;0.431;0.288;11.558;0.033;12.277
CN2;-0.08;5;SPRING;2013;56.744;11/05/2013;33;79.17;90.5975;325;2.009;0.431;0.288;11.558;0.033;12.277
CN2;-0.08;6;SPRING;2013;56.744;11/05/2013;33;131.32;57.5675;2275;0.423;0.431;0.288;11.558;0.033;12.277
CN2;-0.08;1;SUMMER;2013;74.123;01/08/2013;34;290.44;209.8275;525;3.389;NA;NA;NA;NA;NA
CN2;-0.08;2;SUMMER;2013;74.123;01/08/2013;34;424.0925;251.815;1050;1.998;NA;NA;NA;NA;NA
CN2;-0.08;3;SUMMER;2013;74.123;01/08/2013;34;177.9225;146.6975;350;3.408;NA;NA;NA;NA;NA
CN2;-0.08;4;SUMMER;2013;74.123;01/08/2013;34;172.5925;58.055;NA;NA;NA;NA;NA;NA;NA
CN2;-0.08;5;SUMMER;2013;74.123;01/08/2013;34;254.925;301.475;350;2.987;NA;NA;NA;NA;NA
CN2;-0.08;1;FALL;2013;56.863;12/11/2013;35;205.0525;242.355;525;1.632;1.635;0.109;0.279;0.026;2.023
CN2;-0.08;2;FALL;2013;56.863;12/11/2013;35;206.6525;352.72;1125;1.377;1.635;0.109;0.279;0.026;2.023
CN2;-0.08;3;FALL;2013;56.863;12/11/2013;35;214.2975;327.465;275;3.666;1.635;0.109;0.279;0.026;2.023
CN2;-0.08;4;FALL;2013;56.863;12/11/2013;35;43.805;124.92;150;1.68;1.635;0.109;0.279;0.026;2.023
CN2;-0.08;5;FALL;2013;56.863;12/11/2013;35;75.6875;221.705;700;0.519;1.635;0.109;0.279;0.026;2.023
CN2;-0.08;6;FALL;2013;56.863;12/11/2013;35;61.8775;288.8775;600;0.533;1.635;0.109;0.279;0.026;2.023
CN2;-0.08;1;WINTER;2014;44.019;15/02/2014;36;3.705;109.8725;300;0.13;0.166;0.359;12.742;0.119;13.267
CN2;-0.08;2;WINTER;2014;44.019;15/02/2014;36;40.1375;173.3825;300;0.842;0.166;0.359;12.742;0.119;13.267
CN2;-0.08;3;WINTER;2014;44.019;15/02/2014;36;71.8875;287.2825;600;0.514;0.166;0.359;12.742;0.119;13.267
CN2;-0.08;4;WINTER;2014;44.019;15/02/2014;36;55.2875;416.1675;650;0.535;0.166;0.359;12.742;0.119;13.267
CN2;-0.08;5;WINTER;2014;44.019;15/02/2014;36;44.0475;228.1925;400;0.578;0.166;0.359;12.742;0.119;13.267
CN2;-0.08;6;WINTER;2014;44.019;15/02/2014;36;87.8475;301.75;400;1.172;0.166;0.359;12.742;0.119;13.267
CN2;-0.08;1;SPRING;2014;60.534;13/05/2014;37;120.1525;208.8075;525;0.882;0.166;0.251;0.105;0.026;0.522
CN2;-0.08;2;SPRING;2014;60.534;13/05/2014;37;97.3425;149.785;450;1.053;0.166;0.251;0.105;0.026;0.522
CN2;-0.08;3;SPRING;2014;60.534;13/05/2014;37;268.5425;248.86;550;2.124;0.166;0.251;0.105;0.026;0.522
CN2;-0.08;4;SPRING;2014;60.534;13/05/2014;37;147.57;63.1425;975;0.974;0.166;0.251;0.105;0.026;0.522
CN2;-0.08;5;SPRING;2014;60.534;13/05/2014;37;190.9925;276.3225;800;1.617;0.166;0.251;0.105;0.026;0.522
CN2;-0.08;6;SPRING;2014;60.534;13/05/2014;37;155.0675;217.8925;700;1.795;0.166;0.251;0.105;0.026;0.522
CN2;-0.08;1;SUMMER;2014;71.296;19/08/2014;38;177.905;106.4525;500;2.65;1.386;0.394;0.105;0.026;1.885
CN2;-0.08;2;SUMMER;2014;71.296;19/08/2014;38;135.3775;190.9275;325;2.945;1.386;0.394;0.105;0.026;1.885
CN2;-0.08;3;SUMMER;2014;71.296;19/08/2014;38;286.4175;406.46;725;2.834;1.386;0.394;0.105;0.026;1.885
CN2;-0.08;4;SUMMER;2014;71.296;19/08/2014;38;162.67;253.3275;425;3.247;1.386;0.394;0.105;0.026;1.885
CN2;-0.08;5;SUMMER;2014;71.296;19/08/2014;38;250.69;367.88;575;2.495;1.386;0.394;0.105;0.026;1.885
CN2;-0.08;6;SUMMER;2014;71.296;19/08/2014;38;176.7;500.925;300;3.871;1.386;0.394;0.105;0.026;1.885
CN2;-0.08;1;FALL;2014;57.609;23/10/2014;39;177.195;282.735;875;1.252;4.573;0.569;3.919;0.026;9.061
CN2;-0.08;2;FALL;2014;57.609;23/10/2014;39;159.4125;246.93;625;1.609;4.573;0.569;3.919;0.026;9.061
CN2;-0.08;3;FALL;2014;57.609;23/10/2014;39;159.08;348.4825;725;1.365;4.573;0.569;3.919;0.026;9.061
CN2;-0.08;4;FALL;2014;57.609;23/10/2014;39;101.48;221.0675;500;1.108;4.573;0.569;3.919;0.026;9.061
CN2;-0.08;1;WINTER;2015;43.116;05/02/2015;40;50.95;386.4;575;0.489;0.993;0.308;3.186;0.107;4.487
CN2;-0.08;2;WINTER;2015;43.116;05/02/2015;40;49.375;363.025;725;0.452;0.993;0.308;3.186;0.107;4.487
CN2;-0.08;3;WINTER;2015;43.116;05/02/2015;40;51.85;465.8;1325;0.243;0.993;0.308;3.186;0.107;4.487
CN2;-0.08;4;WINTER;2015;43.116;05/02/2015;40;99.775;491.35;1900;0.339;0.993;0.308;3.186;0.107;4.487
CN2;-0.08;5;WINTER;2015;43.116;05/02/2015;40;56.55;98.1425;475;0.699;0.993;0.308;3.186;0.107;4.487
CN2;-0.08;6;WINTER;2015;43.116;05/02/2015;40;46.8575;251.32;425;0.705;0.993;0.308;3.186;0.107;4.487
CN2;-0.08;1;SUMMER;2015;72.458;17/08/2015;41;205.85;260.525;475;3.712;2.883;0.187;0.48;0.063;3.55
CN2;-0.08;2;SUMMER;2015;72.458;17/08/2015;41;318.475;165.225;550;3.993;2.883;0.187;0.48;0.063;3.55
CN2;-0.08;3;SUMMER;2015;72.458;17/08/2015;41;818.5;318.75;875;6.365;2.883;0.187;0.48;0.063;3.55
CN2;-0.08;4;SUMMER;2015;72.458;17/08/2015;41;1207.25;297.5;575;10.1;2.883;0.187;0.48;0.063;3.55
CN2;-0.08;5;SUMMER;2015;72.458;17/08/2015;41;474.25;226.5;650;5.852;2.883;0.187;0.48;0.063;3.55
CN2;-0.08;6;SUMMER;2015;72.458;17/08/2015;41;275.75;450.5;725;2.986;2.883;0.187;0.48;0.063;3.55
CN2;-0.08;1;FALL;2015;56.721;11/11/2015;42;287.75;475.25;600;3.218;5.516;0.635;2.065;0.026;8.216
CN2;-0.08;2;FALL;2015;56.721;11/11/2015;42;311.75;227.75;550;4.046;5.516;0.635;2.065;0.026;8.216
CN2;-0.08;3;FALL;2015;56.721;11/11/2015;42;437.25;210.75;650;4.026;5.516;0.635;2.065;0.026;8.216
CN2;-0.08;4;FALL;2015;56.721;11/11/2015;42;236;290;475;4.574;5.516;0.635;2.065;0.026;8.216
CN2;-0.08;5;FALL;2015;56.721;11/11/2015;42;312.5;238.75;700;2.138;5.516;0.635;2.065;0.026;8.216
CN2;-0.08;6;FALL;2015;56.721;11/11/2015;42;449;207.7349724;725;2.301;5.516;0.635;2.065;0.026;8.216
CN3;-0.5;1;SPRING;2005;58.932;11/05/2005;1;97.5;402.5;275;0.909;NA;NA;NA;NA;NA
CN3;-0.5;2;SPRING;2005;58.932;11/05/2005;1;85;182.5;275;0.882;NA;NA;NA;NA;NA
CN3;-0.5;1;SUMMER;2005;71.613;03/08/2005;2;84.375;297.34;325;1.437;2.495;0.163;2.5;0.316;5.158
CN3;-0.5;2;SUMMER;2005;71.613;03/08/2005;2;203.2325;251.4175;600;1.704;2.495;0.163;2.5;0.316;5.158
CN3;-0.5;3;SUMMER;2005;71.613;03/08/2005;2;238.2417181;361.9697593;450;3.249;2.495;0.163;2.5;0.316;5.158
CN3;-0.5;4;SUMMER;2005;71.613;03/08/2005;2;261.1337479;400.398781;800;2.019;2.495;0.163;2.5;0.316;5.158
CN3;-0.5;1;FALL;2005;53.794;18/11/2005;3;93.1975;136.375;400;1.304;3.197;0.725;2.618;0.446;6.54
CN3;-0.5;2;FALL;2005;53.794;18/11/2005;3;84.725;188.925;425;1.213;3.197;0.725;2.618;0.446;6.54
CN3;-0.5;3;FALL;2005;53.794;18/11/2005;3;119.29;325.0025;650;1.181;3.197;0.725;2.618;0.446;6.54
CN3;-0.5;4;FALL;2005;53.794;18/11/2005;3;67.8975;382.1;550;0.776;3.197;0.725;2.618;0.446;6.54
CN3;-0.5;5;FALL;2005;53.794;18/11/2005;3;18.975;108.925;250;0.53;3.197;0.725;2.618;0.446;6.54
CN3;-0.5;6;FALL;2005;53.794;18/11/2005;3;83.025;123.475;600;0.846;3.197;0.725;2.618;0.446;6.54
CN3;-0.5;1;WINTER;2006;43.916;14/02/2006;4;52.0325;267.07;400;0.77;NA;NA;NA;NA;NA
CN3;-0.5;2;WINTER;2006;43.916;14/02/2006;4;39.8;118.75;325;0.899;NA;NA;NA;NA;NA
CN3;-0.5;3;WINTER;2006;43.916;14/02/2006;4;51.325;210.8575;350;0.873;NA;NA;NA;NA;NA
CN3;-0.5;4;WINTER;2006;43.916;14/02/2006;4;24.175;73.825;300;0.463;NA;NA;NA;NA;NA
CN3;-0.5;5;WINTER;2006;43.916;14/02/2006;4;11.115;71.3675;175;0.335;NA;NA;NA;NA;NA
CN3;-0.5;6;WINTER;2006;43.916;14/02/2006;4;32.4175;202.6325;475;0.376;NA;NA;NA;NA;NA
CN3;-0.5;1;SPRING;2006;60.412;10/05/2006;5;87.5125;221.3375;400;1.508;NA;NA;NA;NA;NA
CN3;-0.5;2;SPRING;2006;60.412;10/05/2006;5;129.675;160.2;475;1.85;NA;NA;NA;NA;NA
CN3;-0.5;3;SPRING;2006;60.412;10/05/2006;5;117.5;218.8725;900;0.928;NA;NA;NA;NA;NA
CN3;-0.5;4;SPRING;2006;60.412;10/05/2006;5;70;254.25;325;1.323;NA;NA;NA;NA;NA
CN3;-0.5;5;SPRING;2006;60.412;10/05/2006;5;102.5;104.32;350;1.486;NA;NA;NA;NA;NA
CN3;-0.5;6;SPRING;2006;60.412;10/05/2006;5;185;212.175;550;2.323;NA;NA;NA;NA;NA
CN3;-0.5;1;SUMMER;2006;72.76;12/07/2006;6;107.5;165;575;1.352;6.513;0.174;4.178;0.395;10.865
CN3;-0.5;2;SUMMER;2006;72.76;12/07/2006;6;120;197.5;825;0.924;6.513;0.174;4.178;0.395;10.865
CN3;-0.5;3;SUMMER;2006;72.76;12/07/2006;6;142.5;117.5;700;1.396;6.513;0.174;4.178;0.395;10.865
CN3;-0.5;4;SUMMER;2006;72.76;12/07/2006;6;320;232.5;750;2.35;6.513;0.174;4.178;0.395;10.865
CN3;-0.5;5;SUMMER;2006;72.76;12/07/2006;6;165;97.5;750;1.553;6.513;0.174;4.178;0.395;10.865
CN3;-0.5;6;SUMMER;2006;72.76;12/07/2006;6;85;127.5;800;0.731;6.513;0.174;4.178;0.395;10.865
CN3;-0.5;1;FALL;2006;57.373;23/10/2006;7;78.1225;220.905;425;1.321;NA;NA;NA;NA;NA
CN3;-0.5;2;FALL;2006;57.373;23/10/2006;7;93.8325;117.33;375;1.294;NA;NA;NA;NA;NA
CN3;-0.5;3;FALL;2006;57.373;23/10/2006;7;160;462.5;825;1.582;NA;NA;NA;NA;NA
CN3;-0.5;4;FALL;2006;57.373;23/10/2006;7;77.145;82.25;275;1.912;NA;NA;NA;NA;NA
CN3;-0.5;5;FALL;2006;57.373;23/10/2006;7;87.5;160;400;1.206;NA;NA;NA;NA;NA
CN3;-0.5;6;FALL;2006;57.373;23/10/2006;7;5;85;175;1.371;NA;NA;NA;NA;NA
CN3;-0.5;1;WINTER;2007;44.395;04/02/2007;8;24.75;162.75;300;0.483;NA;NA;NA;NA;NA
CN3;-0.5;2;WINTER;2007;44.395;04/02/2007;8;42.25;154;875;0.314;NA;NA;NA;NA;NA
CN3;-0.5;3;WINTER;2007;44.395;04/02/2007;8;35.3225;208.01;225;1.111;NA;NA;NA;NA;NA
CN3;-0.5;4;WINTER;2007;44.395;04/02/2007;8;26;200.75;450;0.428;NA;NA;NA;NA;NA
CN3;-0.5;5;WINTER;2007;44.395;04/02/2007;8;39.5;212.5;275;0.945;NA;NA;NA;NA;NA
CN3;-0.5;6;WINTER;2007;44.395;04/02/2007;8;7.75;83;125;0.58;NA;NA;NA;NA;NA
CN3;-0.5;1;SPRING;2007;57.63;02/05/2007;9;39.495;40.18;200;1.275;0.734;0.283;0.516;0.227;1.533
CN3;-0.5;2;SPRING;2007;57.63;02/05/2007;9;29.4675;78.1125;250;0.87;0.734;0.283;0.516;0.227;1.533
CN3;-0.5;3;SPRING;2007;57.63;02/05/2007;9;39.4275;141.1975;125;2.383;0.734;0.283;0.516;0.227;1.533
CN3;-0.5;4;SPRING;2007;57.63;02/05/2007;9;304.8325;208.2175;800;3.081;0.734;0.283;0.516;0.227;1.533
CN3;-0.5;5;SPRING;2007;57.63;02/05/2007;9;209.815;30.6125;475;2.826;0.734;0.283;0.516;0.227;1.533
CN3;-0.5;1;SUMMER;2007;69.567;30/06/2007;10;177.3775;96.1425;300;4.071;1.719;0.109;0.605;0.248;2.433
CN3;-0.5;2;SUMMER;2007;69.567;30/06/2007;10;222.3575;294.15;725;1.775;1.719;0.109;0.605;0.248;2.433
CN3;-0.5;3;SUMMER;2007;69.567;30/06/2007;10;183.35;143.81;325;2.554;1.719;0.109;0.605;0.248;2.433
CN3;-0.5;4;SUMMER;2007;69.567;30/06/2007;10;279.0025;344.385;525;3.305;1.719;0.109;0.605;0.248;2.433
CN3;-0.5;5;SUMMER;2007;69.567;30/06/2007;10;293.1825;176.4125;875;2.311;1.719;0.109;0.605;0.248;2.433
CN3;-0.5;6;SUMMER;2007;69.567;30/06/2007;10;275.1425;179.12;625;3.776;1.719;0.109;0.605;0.248;2.433
CN3;-0.5;1;FALL;2007;55.583;14/10/2007;11;151.4225;192.5;650;1.791;1.081;0.935;3;0.074;5.016
CN3;-0.5;2;FALL;2007;55.583;14/10/2007;11;97.465;181.815;375;1.934;1.081;0.935;3;0.074;5.016
CN3;-0.5;3;FALL;2007;55.583;14/10/2007;11;88.65;173.25;475;1.244;1.081;0.935;3;0.074;5.016
CN3;-0.5;4;FALL;2007;55.583;14/10/2007;11;151.85;153.95;475;2.08;1.081;0.935;3;0.074;5.016
CN3;-0.5;5;FALL;2007;55.583;14/10/2007;11;182.5;288.75;525;2.524;1.081;0.935;3;0.074;5.016
CN3;-0.5;6;FALL;2007;55.583;14/10/2007;11;172.7175;122.0775;250;5.511;1.081;0.935;3;0.074;5.016
CN3;-0.5;1;WINTER;2008;48.163;24/01/2008;12;22;58.5;250;0.557;0.166;0.229;0.5;0.026;0.895
CN3;-0.5;2;WINTER;2008;48.163;24/01/2008;12;31.75;81.25;450;0.389;0.166;0.229;0.5;0.026;0.895
CN3;-0.5;3;WINTER;2008;48.163;24/01/2008;12;45.5;115.25;375;0.665;0.166;0.229;0.5;0.026;0.895
CN3;-0.5;4;WINTER;2008;48.163;24/01/2008;12;23;79.75;275;0.745;0.166;0.229;0.5;0.026;0.895
CN3;-0.5;5;WINTER;2008;48.163;24/01/2008;12;6.1375;62.51;175;0.238;0.166;0.229;0.5;0.026;0.895
CN3;-0.5;6;WINTER;2008;48.163;24/01/2008;12;31.75;307;300;0.548;0.166;0.229;0.5;0.026;0.895
CN3;-0.5;1;SPRING;2008;57.199;29/04/2008;13;160.25;293.25;775;1.591;1.136;1.022;0.46;0.411;2.618
CN3;-0.5;2;SPRING;2008;57.199;29/04/2008;13;100;161.5;625;1.236;1.136;1.022;0.46;0.411;2.618
CN3;-0.5;3;SPRING;2008;57.199;29/04/2008;13;115.5;200;625;1.304;1.136;1.022;0.46;0.411;2.618
CN3;-0.5;4;SPRING;2008;57.199;29/04/2008;13;58;142;500;0.848;1.136;1.022;0.46;0.411;2.618
CN3;-0.5;5;SPRING;2008;57.199;29/04/2008;13;53.125;170.025;250;1.317;1.136;1.022;0.46;0.411;2.618
CN3;-0.5;6;SPRING;2008;57.199;29/04/2008;13;165.5;114.25;700;1.805;1.136;1.022;0.46;0.411;2.618
CN3;-0.5;1;SUMMER;2008;68.568;16/07/2008;14;417.5;387.5;900;3.786;0.859;0.468;0.23;0.237;1.557
CN3;-0.5;2;SUMMER;2008;68.568;16/07/2008;14;250;150;375;4.78;0.859;0.468;0.23;0.237;1.557
CN3;-0.5;3;SUMMER;2008;68.568;16/07/2008;14;213.4;208.7;375;4.773;0.859;0.468;0.23;0.237;1.557
CN3;-0.5;4;SUMMER;2008;68.568;16/07/2008;14;227.07;184.7225;425;4.524;0.859;0.468;0.23;0.237;1.557
CN3;-0.5;5;SUMMER;2008;68.568;16/07/2008;14;46.85;84;NA;NA;0.859;0.468;0.23;0.237;1.557
CN3;-0.5;6;SUMMER;2008;68.568;16/07/2008;14;118.25;280.425;475;1.653;0.859;0.468;0.23;0.237;1.557
CN3;-0.5;1;FALL;2008;50.031;29/10/2008;15;148.545;182.765;400;2.77;1.525;0.956;6.323;0.026;8.804
CN3;-0.5;2;FALL;2008;50.031;29/10/2008;15;76.5975;421.33;475;1.224;1.525;0.956;6.323;0.026;8.804
CN3;-0.5;3;FALL;2008;50.031;29/10/2008;15;67.335;164.8225;325;1.569;1.525;0.956;6.323;0.026;8.804
CN3;-0.5;4;FALL;2008;50.031;29/10/2008;15;110.5175;113.595;375;2.442;1.525;0.956;6.323;0.026;8.804
CN3;-0.5;1;WINTER;2009;43.268;10/02/2009;16;25.29;72.0775;250;0.688;0.804;1.163;16.162;0.111;18.129
CN3;-0.5;2;WINTER;2009;43.268;10/02/2009;16;36.155;52.3;325;0.652;0.804;1.163;16.162;0.111;18.129
CN3;-0.5;3;WINTER;2009;43.268;10/02/2009;16;56.6825;104.255;375;0.895;0.804;1.163;16.162;0.111;18.129
CN3;-0.5;4;WINTER;2009;43.268;10/02/2009;16;41.8075;87.19;400;0.645;0.804;1.163;16.162;0.111;18.129
CN3;-0.5;5;WINTER;2009;43.268;10/02/2009;16;19.4325;88.6475;275;0.468;0.804;1.163;16.162;0.111;18.129
CN3;-0.5;6;WINTER;2009;43.268;10/02/2009;16;35.2825;88.5575;225;1.143;0.804;1.163;16.162;0.111;18.129
CN3;-0.5;1;SPRING;2009;58.691;09/05/2009;17;97.5675;206.555;550;1.407;1.663;0.815;0.867;0.026;3.345
CN3;-0.5;2;SPRING;2009;58.691;09/05/2009;17;149.4175;191.485;600;1.954;1.663;0.815;0.867;0.026;3.345
CN3;-0.5;3;SPRING;2009;58.691;09/05/2009;17;31.38;30.42;300;1.309;1.663;0.815;0.867;0.026;3.345
CN3;-0.5;4;SPRING;2009;58.691;09/05/2009;17;78.185;103.6025;250;2.831;1.663;0.815;0.867;0.026;3.345
CN3;-0.5;5;SPRING;2009;58.691;09/05/2009;17;154.23;18.7775;550;1.945;1.663;0.815;0.867;0.026;3.345
CN3;-0.5;6;SPRING;2009;58.691;09/05/2009;17;136.285;161.7325;450;1.936;1.663;0.815;0.867;0.026;3.345
CN3;-0.5;1;SUMMER;2009;70.875;08/07/2009;18;121.155;79.2875;525;1.939;0.166;0.109;0.105;0.026;0.38
CN3;-0.5;2;SUMMER;2009;70.875;08/07/2009;18;51.7;116.1;275;1.654;0.166;0.109;0.105;0.026;0.38
CN3;-0.5;3;SUMMER;2009;70.875;08/07/2009;18;182.715;191.1475;500;3.467;0.166;0.109;0.105;0.026;0.38
CN3;-0.5;4;SUMMER;2009;70.875;08/07/2009;18;181.6;221.1325;475;3.006;0.166;0.109;0.105;0.026;0.38
CN3;-0.5;5;SUMMER;2009;70.875;08/07/2009;18;282.5;142.5;600;3.383;0.166;0.109;0.105;0.026;0.38
CN3;-0.5;6;SUMMER;2009;70.875;08/07/2009;18;120.3575;162.5375;475;1.93;0.166;0.109;0.105;0.026;0.38
CN3;-0.5;1;FALL;2009;56.643;11/11/2009;19;160.345;236.86;1150;0.783;0.166;0.167;1.637;0.059;1.97
CN3;-0.5;2;FALL;2009;56.643;11/11/2009;19;187.5125;275.94;725;1.46;0.166;0.167;1.637;0.059;1.97
CN3;-0.5;3;FALL;2009;56.643;11/11/2009;19;257.17;322.8325;575;1.892;0.166;0.167;1.637;0.059;1.97
CN3;-0.5;4;FALL;2009;56.643;11/11/2009;19;122.6075;221.265;425;1.787;0.166;0.167;1.637;0.059;1.97
CN3;-0.5;5;FALL;2009;56.643;11/11/2009;19;78.115;184.61;325;2.108;0.166;0.167;1.637;0.059;1.97
CN3;-0.5;6;FALL;2009;56.643;11/11/2009;19;85;195;300;1.225;0.166;0.167;1.637;0.059;1.97
CN3;-0.5;1;WINTER;2010;48.213;10/02/2010;20;149.415;314.1625;775;1.196;5.737;1.435;24.597;0.026;31.769
CN3;-0.5;2;WINTER;2010;48.213;10/02/2010;20;34.9525;130.305;400;0.717;5.737;1.435;24.597;0.026;31.769
CN3;-0.5;3;WINTER;2010;48.213;10/02/2010;20;27.645;104.1725;500;0.466;5.737;1.435;24.597;0.026;31.769
CN3;-0.5;4;WINTER;2010;48.213;10/02/2010;20;39.6175;129.8175;525;0.658;5.737;1.435;24.597;0.026;31.769
CN3;-0.5;1;SPRING;2010;58.65;30/04/2010;21;89.355;167.3075;500;1.419;NA;NA;NA;NA;NA
CN3;-0.5;2;SPRING;2010;58.65;30/04/2010;21;105.41;254.925;450;1.845;NA;NA;NA;NA;NA
CN3;-0.5;3;SPRING;2010;58.65;30/04/2010;21;43.9375;217.415;225;0.834;NA;NA;NA;NA;NA
CN3;-0.5;4;SPRING;2010;58.65;30/04/2010;21;124.6575;220.705;475;1.53;NA;NA;NA;NA;NA
CN3;-0.5;5;SPRING;2010;58.65;30/04/2010;21;81.0475;131.485;275;2.36;NA;NA;NA;NA;NA
CN3;-0.5;6;SPRING;2010;58.65;30/04/2010;21;125.815;107.5475;500;2.123;NA;NA;NA;NA;NA
CN3;-0.5;1;SUMMER;2010;74.023;13/07/2010;22;102.2375;253.5125;475;1.603;0.166;0.109;0.105;0.026;0.38
CN3;-0.5;2;SUMMER;2010;74.023;13/07/2010;22;139.64;422.715;625;1.589;0.166;0.109;0.105;0.026;0.38
CN3;-0.5;3;SUMMER;2010;74.023;13/07/2010;22;139.3075;103.52;400;3.115;0.166;0.109;0.105;0.026;0.38
CN3;-0.5;4;SUMMER;2010;74.023;13/07/2010;22;401.345;299.4825;525;6.38;0.166;0.109;0.105;0.026;0.38
CN3;-0.5;5;SUMMER;2010;74.023;13/07/2010;22;184.775;303.025;425;3.548;0.166;0.109;0.105;0.026;0.38
CN3;-0.5;6;SUMMER;2010;74.023;13/07/2010;22;279.14;334.7125;575;3.186;0.166;0.109;0.105;0.026;0.38
CN3;-0.5;1;FALL;2010;54.595;24/10/2010;23;185.61;203.075;225;5.159;1.064;0.315;1.476;0.026;2.855
CN3;-0.5;2;FALL;2010;54.595;24/10/2010;23;162.31;171.385;575;2.138;1.064;0.315;1.476;0.026;2.855
CN3;-0.5;3;FALL;2010;54.595;24/10/2010;23;74.0475;292.7375;350;1.5;1.064;0.315;1.476;0.026;2.855
CN3;-0.5;4;FALL;2010;54.595;24/10/2010;23;85.9575;209.0425;275;2.369;1.064;0.315;1.476;0.026;2.855
CN3;-0.5;5;FALL;2010;54.595;24/10/2010;23;152.5375;401.93;375;2.954;1.064;0.315;1.476;0.026;2.855
CN3;-0.5;6;FALL;2010;54.595;24/10/2010;23;112.93;191.665;200;3.433;1.064;0.315;1.476;0.026;2.855
CN3;-0.5;1;WINTER;2011;47.553;04/02/2011;24;42.4025;218.555;575;0.563;0.166;0.525;11.694;0.026;12.385
CN3;-0.5;2;WINTER;2011;47.553;04/02/2011;24;75.325;226.7975;625;0.896;0.166;0.525;11.694;0.026;12.385
CN3;-0.5;3;WINTER;2011;47.553;04/02/2011;24;19.2;90.41106132;150;0.845;0.166;0.525;11.694;0.026;12.385
CN3;-0.5;4;WINTER;2011;47.553;04/02/2011;24;70.425;152.35;700;0.681;0.166;0.525;11.694;0.026;12.385
CN3;-0.5;5;WINTER;2011;47.553;04/02/2011;24;71.785;157.225;500;0.964;0.166;0.525;11.694;0.026;12.385
CN3;-0.5;6;WINTER;2011;47.553;04/02/2011;24;91.82;164.025;825;0.76;0.166;0.525;11.694;0.026;12.385
CN3;-0.5;1;SPRING;2011;61.123;26/05/2011;25;152.78;210.135;400;2.383;1.566;0.312;1.682;0.026;3.56
CN3;-0.5;2;SPRING;2011;61.123;26/05/2011;25;79.0425;137.7175;275;1.855;1.566;0.312;1.682;0.026;3.56
CN3;-0.5;3;SPRING;2011;61.123;26/05/2011;25;153.765;94.4825;825;1.212;1.566;0.312;1.682;0.026;3.56
CN3;-0.5;4;SPRING;2011;61.123;26/05/2011;25;111.985;146.0525;700;1.075;1.566;0.312;1.682;0.026;3.56
CN3;-0.5;5;SPRING;2011;61.123;26/05/2011;25;331.55;164.98;775;2.254;1.566;0.312;1.682;0.026;3.56
CN3;-0.5;6;SPRING;2011;61.123;26/05/2011;25;226.8425;104.115;675;3.416;1.566;0.312;1.682;0.026;3.56
CN3;-0.5;1;SUMMER;2011;70.903;01/07/2011;26;167.36;66.1725;NA;NA;0.166;0.109;1.653;0.026;1.928
CN3;-0.5;2;SUMMER;2011;70.903;01/07/2011;26;124.3975;208.9025;225;4.027;0.166;0.109;1.653;0.026;1.928
CN3;-0.5;3;SUMMER;2011;70.903;01/07/2011;26;154.1975;237.63;475;2.39;0.166;0.109;1.653;0.026;1.928
CN3;-0.5;4;SUMMER;2011;70.903;01/07/2011;26;122.0375;238.2125;525;1.68;0.166;0.109;1.653;0.026;1.928
CN3;-0.5;5;SUMMER;2011;70.903;01/07/2011;26;159.965;338.0375;425;3.559;0.166;0.109;1.653;0.026;1.928
CN3;-0.5;6;SUMMER;2011;70.903;01/07/2011;26;155.305;168.57;475;2.844;0.166;0.109;1.653;0.026;1.928
CN3;-0.5;1;FALL;2011;55.175;14/10/2011;27;127.16;322.23;600;1.645;0.707;0.253;2.653;0.085;3.613
CN3;-0.5;2;FALL;2011;55.175;14/10/2011;27;165.04;317.2975;275;3.429;0.707;0.253;2.653;0.085;3.613
CN3;-0.5;3;FALL;2011;55.175;14/10/2011;27;61.9075;156.15;275;1.432;0.707;0.253;2.653;0.085;3.613
CN3;-0.5;4;FALL;2011;55.175;14/10/2011;27;75.6;333.385;375;1.467;0.707;0.253;2.653;0.085;3.613
CN3;-0.5;5;FALL;2011;55.175;14/10/2011;27;49.4675;265.6375;275;1.094;0.707;0.253;2.653;0.085;3.613
CN3;-0.5;6;FALL;2011;55.175;14/10/2011;27;61.1475;169.7475;400;0.974;0.707;0.253;2.653;0.085;3.613
CN3;-0.5;1;WINTER;2012;42.771;07/02/2012;28;30.2;296.0275;525;0.353;0.166;0.109;0.105;0.026;0.38
CN3;-0.5;2;WINTER;2012;42.771;07/02/2012;28;43.155;213.47;425;0.558;0.166;0.109;0.105;0.026;0.38
CN3;-0.5;3;WINTER;2012;42.771;07/02/2012;28;44.885;275.125;625;0.463;0.166;0.109;0.105;0.026;0.38
CN3;-0.5;4;WINTER;2012;42.771;07/02/2012;28;44.0075;284.66;550;0.488;0.166;0.109;0.105;0.026;0.38
CN3;-0.5;5;WINTER;2012;42.771;07/02/2012;28;36.365;204.215;525;0.368;0.166;0.109;0.105;0.026;0.38
CN3;-0.5;6;WINTER;2012;42.771;07/02/2012;28;41.56;229.5;725;0.346;0.166;0.109;0.105;0.026;0.38
CN3;-0.5;1;SPRING;2012;57.003;22/05/2012;29;82.005;341.2075;625;0.864;0.166;0.109;1.944;0.026;2.219
CN3;-0.5;2;SPRING;2012;57.003;22/05/2012;29;94.01;221.0975;625;1.086;0.166;0.109;1.944;0.026;2.219
CN3;-0.5;3;SPRING;2012;57.003;22/05/2012;29;329.445;292.7825;1225;1.321;0.166;0.109;1.944;0.026;2.219
CN3;-0.5;4;SPRING;2012;57.003;22/05/2012;29;111.35;174.305;575;1.07;0.166;0.109;1.944;0.026;2.219
CN3;-0.5;5;SPRING;2012;57.003;22/05/2012;29;220.5375;288.7875;550;1.906;0.166;0.109;1.944;0.026;2.219
CN3;-0.5;6;SPRING;2012;57.003;22/05/2012;29;269.945;339.7125;875;1.788;0.166;0.109;1.944;0.026;2.219
CN3;-0.5;1;SUMMER;2012;68.57;19/07/2012;30;195.065;103.1425;575;1.736;1.336;0.109;2.419;0.026;3.864
CN3;-0.5;2;SUMMER;2012;68.57;19/07/2012;30;124.0825;268.2175;775;0.301;1.336;0.109;2.419;0.026;3.864
CN3;-0.5;3;SUMMER;2012;68.57;19/07/2012;30;257.7975;259.77;775;2.138;1.336;0.109;2.419;0.026;3.864
CN3;-0.5;4;SUMMER;2012;68.57;19/07/2012;30;138.39;111.4925;625;1.202;1.336;0.109;2.419;0.026;3.864
CN3;-0.5;5;SUMMER;2012;68.57;19/07/2012;30;228.88;292.475;750;2.02;1.336;0.109;2.419;0.026;3.864
CN3;-0.5;6;SUMMER;2012;68.57;19/07/2012;30;195.775;145.84;800;1.873;1.336;0.109;2.419;0.026;3.864
CN3;-0.5;1;FALL;2012;55.749;01/11/2012;31;83.88;75.835;375;2.036;0.873;0.444;8.202;0.06;9.519
CN3;-0.5;2;FALL;2012;55.749;01/11/2012;31;42.73;146.97;225;1.791;0.873;0.444;8.202;0.06;9.519
CN3;-0.5;3;FALL;2012;55.749;01/11/2012;31;103.19;147.6625;575;1.547;0.873;0.444;8.202;0.06;9.519
CN3;-0.5;4;FALL;2012;55.749;01/11/2012;31;79.5175;128.545;500;1.15;0.873;0.444;8.202;0.06;9.519
CN3;-0.5;5;FALL;2012;55.749;01/11/2012;31;42.21;100.485;350;1.074;0.873;0.444;8.202;0.06;9.519
CN3;-0.5;6;FALL;2012;55.749;01/11/2012;31;61.1625;233.2775;325;1.477;0.873;0.444;8.202;0.06;9.519
CN3;-0.5;1;WINTER;2013;44.21;12/02/2013;32;50;176.575;400;0.697;0.932;0.188;3.968;0.026;5.088
CN3;-0.5;2;WINTER;2013;44.21;12/02/2013;32;30.725;215.25;275;0.642;0.932;0.188;3.968;0.026;5.088
CN3;-0.5;3;WINTER;2013;44.21;12/02/2013;32;69.8;260.025;675;0.611;0.932;0.188;3.968;0.026;5.088
CN3;-0.5;4;WINTER;2013;44.21;12/02/2013;32;27.675;214.275;450;0.366;0.932;0.188;3.968;0.026;5.088
CN3;-0.5;5;WINTER;2013;44.21;12/02/2013;32;36.9;234.925;525;0.389;0.932;0.188;3.968;0.026;5.088
CN3;-0.5;6;WINTER;2013;44.21;12/02/2013;32;39.5;194.125;525;0.367;0.932;0.188;3.968;0.026;5.088
CN3;-0.5;1;SPRING;2013;56.744;11/05/2013;33;53.69;257.07;475;0.815;0.431;0.288;11.558;0.033;12.277
CN3;-0.5;2;SPRING;2013;56.744;11/05/2013;33;101.89;132.8075;275;1.493;0.431;0.288;11.558;0.033;12.277
CN3;-0.5;3;SPRING;2013;56.744;11/05/2013;33;223.415;171.285;900;1.99;0.431;0.288;11.558;0.033;12.277
CN3;-0.5;4;SPRING;2013;56.744;11/05/2013;33;318.4675;122.7875;1050;2.139;0.431;0.288;11.558;0.033;12.277
CN3;-0.5;5;SPRING;2013;56.744;11/05/2013;33;138.09;246.9175;1150;0.905;0.431;0.288;11.558;0.033;12.277
CN3;-0.5;6;SPRING;2013;56.744;11/05/2013;33;359.475;68.345;500;3.851;0.431;0.288;11.558;0.033;12.277
CN3;-0.5;1;SUMMER;2013;74.123;01/08/2013;34;163.925;179.975;825;1.137;NA;NA;NA;NA;NA
CN3;-0.5;2;SUMMER;2013;74.123;01/08/2013;34;103.305;336.955;1400;0.378;NA;NA;NA;NA;NA
CN3;-0.5;3;SUMMER;2013;74.123;01/08/2013;34;101.6775;76.5075;150;3.753;NA;NA;NA;NA;NA
CN3;-0.5;4;SUMMER;2013;74.123;01/08/2013;34;124.1;66.135;300;2.322;NA;NA;NA;NA;NA
CN3;-0.5;5;SUMMER;2013;74.123;01/08/2013;34;105.25;82.25;150;5.275;NA;NA;NA;NA;NA
CN3;-0.5;6;SUMMER;2013;74.123;01/08/2013;34;186.7925;188.29;475;2.325;NA;NA;NA;NA;NA
CN3;-0.5;1;FALL;2013;56.863;12/11/2013;35;168.4325;240.5425;375;2.265;1.635;0.109;0.279;0.026;2.023
CN3;-0.5;2;FALL;2013;56.863;12/11/2013;35;249.275;198.865;550;1.432;1.635;0.109;0.279;0.026;2.023
CN3;-0.5;3;FALL;2013;56.863;12/11/2013;35;145.985;219.71;350;1.644;1.635;0.109;0.279;0.026;2.023
CN3;-0.5;4;FALL;2013;56.863;12/11/2013;35;129.5525;312.6975;1450;0.499;1.635;0.109;0.279;0.026;2.023
CN3;-0.5;5;FALL;2013;56.863;12/11/2013;35;44.2325;240.6125;225;0.912;1.635;0.109;0.279;0.026;2.023
CN3;-0.5;6;FALL;2013;56.863;12/11/2013;35;60.0325;127.3275;200;1.372;1.635;0.109;0.279;0.026;2.023
CN3;-0.5;1;WINTER;2014;44.019;15/02/2014;36;13.4775;122.195;250;0.324;0.166;0.359;12.742;0.119;13.267
CN3;-0.5;2;WINTER;2014;44.019;15/02/2014;36;25.9625;158.2925;375;0.563;0.166;0.359;12.742;0.119;13.267
CN3;-0.5;3;WINTER;2014;44.019;15/02/2014;36;22.745;231.17;300;0.486;0.166;0.359;12.742;0.119;13.267
CN3;-0.5;4;WINTER;2014;44.019;15/02/2014;36;80.2325;341.6275;850;0.522;0.166;0.359;12.742;0.119;13.267
CN3;-0.5;5;WINTER;2014;44.019;15/02/2014;36;55.5175;135.6725;300;1.01;0.166;0.359;12.742;0.119;13.267
CN3;-0.5;6;WINTER;2014;44.019;15/02/2014;36;40.7425;135.6425;325;0.483;0.166;0.359;12.742;0.119;13.267
CN3;-0.5;1;SPRING;2014;60.534;13/05/2014;37;348.7275;311.5825;975;1.567;0.166;0.251;0.105;0.026;0.522
CN3;-0.5;2;SPRING;2014;60.534;13/05/2014;37;355.8825;242.9025;850;1.586;0.166;0.251;0.105;0.026;0.522
CN3;-0.5;3;SPRING;2014;60.534;13/05/2014;37;321.9425;283.88;825;1.858;0.166;0.251;0.105;0.026;0.522
CN3;-0.5;4;SPRING;2014;60.534;13/05/2014;37;201.27;225.8925;900;1.283;0.166;0.251;0.105;0.026;0.522
CN3;-0.5;5;SPRING;2014;60.534;13/05/2014;37;173.57;254.925;575;1.826;0.166;0.251;0.105;0.026;0.522
CN3;-0.5;6;SPRING;2014;60.534;13/05/2014;37;317.3125;329.325;800;1.92;0.166;0.251;0.105;0.026;0.522
CN3;-0.5;1;SUMMER;2014;71.296;19/08/2014;38;101.875;231.0325;500;1.863;1.386;0.394;0.105;0.026;1.885
CN3;-0.5;2;SUMMER;2014;71.296;19/08/2014;38;300.4175;239.255;500;3.247;1.386;0.394;0.105;0.026;1.885
CN3;-0.5;3;SUMMER;2014;71.296;19/08/2014;38;309.4775;409.105;875;2.583;1.386;0.394;0.105;0.026;1.885
CN3;-0.5;4;SUMMER;2014;71.296;19/08/2014;38;65.4725;27.4125;NA;NA;1.386;0.394;0.105;0.026;1.885
CN3;-0.5;5;SUMMER;2014;71.296;19/08/2014;38;176.25;331.51;400;3.035;1.386;0.394;0.105;0.026;1.885
CN3;-0.5;6;SUMMER;2014;71.296;19/08/2014;38;165.1525;225.0575;500;2.55;1.386;0.394;0.105;0.026;1.885
CN3;-0.5;1;FALL;2014;57.609;23/10/2014;39;157.5225;233.57;500;1.87;4.573;0.569;3.919;0.026;9.061
CN3;-0.5;2;FALL;2014;57.609;23/10/2014;39;146.495;210.6475;675;1.548;4.573;0.569;3.919;0.026;9.061
CN3;-0.5;3;FALL;2014;57.609;23/10/2014;39;177.56;153.3675;325;3.684;4.573;0.569;3.919;0.026;9.061
CN3;-0.5;4;FALL;2014;57.609;23/10/2014;39;104.5575;86.6525;250;1.46;4.573;0.569;3.919;0.026;9.061
CN3;-0.5;1;WINTER;2015;43.116;05/02/2015;40;53.65;224.575;425;0.771;0.993;0.308;3.186;0.107;4.487
CN3;-0.5;2;WINTER;2015;43.116;05/02/2015;40;45.9;184.575;275;0.861;0.993;0.308;3.186;0.107;4.487
CN3;-0.5;3;WINTER;2015;43.116;05/02/2015;40;15.375;276.2;400;0.256;0.993;0.308;3.186;0.107;4.487
CN3;-0.5;4;WINTER;2015;43.116;05/02/2015;40;38.475;452.65;675;0.405;0.993;0.308;3.186;0.107;4.487
CN3;-0.5;5;WINTER;2015;43.116;05/02/2015;40;65.5925;227.6525;575;0.7;0.993;0.308;3.186;0.107;4.487
CN3;-0.5;6;WINTER;2015;43.116;05/02/2015;40;29.295;113.51;325;0.602;0.993;0.308;3.186;0.107;4.487